/*
SQLyog Community v13.1.1 (64 bit)
MySQL - 5.7.19 : Database - pisa
*********************************************************************
*/

/*!40101 SET NAMES utf8 */;

/*!40101 SET SQL_MODE=''*/;

/*!40014 SET @OLD_UNIQUE_CHECKS=@@UNIQUE_CHECKS, UNIQUE_CHECKS=0 */;
/*!40014 SET @OLD_FOREIGN_KEY_CHECKS=@@FOREIGN_KEY_CHECKS, FOREIGN_KEY_CHECKS=0 */;
/*!40101 SET @OLD_SQL_MODE=@@SQL_MODE, SQL_MODE='NO_AUTO_VALUE_ON_ZERO' */;
/*!40111 SET @OLD_SQL_NOTES=@@SQL_NOTES, SQL_NOTES=0 */;
CREATE DATABASE /*!32312 IF NOT EXISTS*/`pisa` /*!40100 DEFAULT CHARACTER SET latin1 */;

USE `pisa`;

/*Table structure for table `facturas` */

DROP TABLE IF EXISTS `facturas`;

CREATE TABLE `facturas` (
  `id` int(11) NOT NULL AUTO_INCREMENT,
  `id_user` int(10) NOT NULL,
  `id_rfc` varchar(13) NOT NULL,
  `email` varchar(100) NOT NULL,
  `folio` varchar(50) NOT NULL,
  `emisor` varchar(150) NOT NULL,
  `rfc_emisor` varchar(13) NOT NULL,
  `receptor` varchar(150) NOT NULL,
  `rfc_receptor` varchar(13) NOT NULL,
  `subtotal` decimal(10,2) NOT NULL,
  `total` decimal(10,2) NOT NULL,
  `descuento` decimal(10,2) DEFAULT NULL,
  `moneda` enum('MXN','USD') NOT NULL,
  `metodo_pago` varchar(50) NOT NULL,
  `lugar_expedicion` int(11) NOT NULL,
  `fecha` date NOT NULL,
  PRIMARY KEY (`id`),
  UNIQUE KEY `Índice 2` (`folio`)
) ENGINE=InnoDB AUTO_INCREMENT=5 DEFAULT CHARSET=latin1;

/*Data for the table `facturas` */

insert  into `facturas`(`id`,`id_user`,`id_rfc`,`email`,`folio`,`emisor`,`rfc_emisor`,`receptor`,`rfc_receptor`,`subtotal`,`total`,`descuento`,`moneda`,`metodo_pago`,`lugar_expedicion`,`fecha`) values 
(1,3,'4','nathaly@example.com.mx','395','CHRISTIAN EDUARDO LOPEZ JIMENEZ','LIGA510603RH6','ARTURO ARMANDO LICON GUERRERO','LIGA510603RH6',4379.84,4237.37,218.99,'MXN','PPD',44800,'2018-01-18'),
(2,4,'6','prueba@example.com.mx','183745','PROVEEDORA AGROPECUARIA DE OCCIDENTE S.A. DE C.V.','XAXX010101000','ADOLFO ARIAS RODRIGUEZ','XAXX010101000',4023.60,2923.71,1156.25,'MXN','PPD',44210,'2018-10-30'),
(3,4,'6','prueba@example.com.mx','183760','PROVEEDORA AGROPECUARIA DE OCCIDENTE S.A. DE C.V.','XAXX010101000','VICTOR OROZCO RODRIGUEZ(REMISIONES)','XAXX010101000',5184.81,3747.95,1521.64,'MXN','PPD',44210,'2018-10-30'),
(4,4,'6','prueba@example.com.mx','600','CHRISTIAN EDUARDO LOPEZ JIMENEZ','VIGR620406EV8','ROSA MARIA VILLANUEVA GONZALEZ','VIGR620406EV8',1568.04,1568.04,0.00,'MXN','PPD',44800,'2018-01-26');

/*Table structure for table `migrations` */

DROP TABLE IF EXISTS `migrations`;

CREATE TABLE `migrations` (
  `id` int(10) unsigned NOT NULL AUTO_INCREMENT,
  `migration` varchar(255) COLLATE utf8mb4_unicode_ci NOT NULL,
  `batch` int(11) NOT NULL,
  PRIMARY KEY (`id`)
) ENGINE=InnoDB AUTO_INCREMENT=21 DEFAULT CHARSET=utf8mb4 COLLATE=utf8mb4_unicode_ci;

/*Data for the table `migrations` */

insert  into `migrations`(`id`,`migration`,`batch`) values 
(17,'2014_10_12_000000_create_users_table',1),
(18,'2014_10_12_100000_create_password_resets_table',1),
(19,'2018_06_05_163031_create_roles_table',1),
(20,'2018_06_05_165618_create_role_user_table',1);

/*Table structure for table `password_resets` */

DROP TABLE IF EXISTS `password_resets`;

CREATE TABLE `password_resets` (
  `email` varchar(255) COLLATE utf8mb4_unicode_ci NOT NULL,
  `token` varchar(255) COLLATE utf8mb4_unicode_ci NOT NULL,
  `created_at` timestamp NULL DEFAULT NULL,
  KEY `password_resets_email_index` (`email`)
) ENGINE=InnoDB DEFAULT CHARSET=utf8mb4 COLLATE=utf8mb4_unicode_ci;

/*Data for the table `password_resets` */

insert  into `password_resets`(`email`,`token`,`created_at`) values 
('ncedeno@mindgroup.mx','$2y$10$HdkRWjLdS98L4KL1QTogPeldZqTS3pCY7mYXrSA8dvOfTqrZseCmG','2018-06-13 17:14:36');

/*Table structure for table `producto` */

DROP TABLE IF EXISTS `producto`;

CREATE TABLE `producto` (
  `id` int(11) NOT NULL AUTO_INCREMENT,
  `no_identificacion` varchar(100) NOT NULL,
  `folio_factura` varchar(100) NOT NULL,
  `id_factura` int(10) NOT NULL,
  `id_user` int(10) NOT NULL,
  `id_rfc` varchar(13) NOT NULL,
  `email` varchar(100) NOT NULL,
  `unidad` varchar(100) NOT NULL,
  `clave_unidad` varchar(100) NOT NULL,
  `clave_prod_ser` int(11) NOT NULL,
  `descripcion` varchar(100) NOT NULL,
  `cantidad` varchar(50) NOT NULL,
  `descuento` float(10,2) DEFAULT NULL,
  `importe` float(10,2) NOT NULL,
  `valor_unitario` float(10,2) NOT NULL,
  `validacion` enum('NO','SI') NOT NULL,
  `estatus` enum('PENDIENTE','APROBADO','NO APROBADO') NOT NULL,
  `estatus_cliente` enum('HABILITADO','DESHABILITADO') NOT NULL,
  `created_at` timestamp NULL DEFAULT CURRENT_TIMESTAMP,
  `updated_at` timestamp NULL DEFAULT CURRENT_TIMESTAMP,
  PRIMARY KEY (`id`)
) ENGINE=InnoDB AUTO_INCREMENT=19 DEFAULT CHARSET=latin1;

/*Data for the table `producto` */

insert  into `producto`(`id`,`no_identificacion`,`folio_factura`,`id_factura`,`id_user`,`id_rfc`,`email`,`unidad`,`clave_unidad`,`clave_prod_ser`,`descripcion`,`cantidad`,`descuento`,`importe`,`valor_unitario`,`validacion`,`estatus`,`estatus_cliente`,`created_at`,`updated_at`) values 
(1,'PIR150MG','395',1,3,'4','nathaly@example.com.mx','PZA','H87',51102600,'PIROFLOX 150MG 20TBS','20.00',142.10,2842.00,142.10,'NO','APROBADO','HABILITADO','2018-11-29 11:00:42','2018-11-29 11:00:42'),
(2,'PIR150MG','395',1,3,'4','nathaly@example.com.mx','PZA','H87',51102600,'PIROFLOX 150MG 20TBS','4.00',0.00,0.04,0.01,'NO','APROBADO','HABILITADO','2018-11-29 11:00:42','2018-11-29 11:00:42'),
(3,'VET120ML','395',1,3,'4','nathaly@example.com.mx','PZA','H87',42121600,'VETERIBAC SPRAY MASCOTAS 120ML *16% IVA','5.00',25.17,503.45,100.69,'SI','NO APROBADO','DESHABILITADO','2018-11-29 11:00:42','2018-11-29 11:00:42'),
(4,'KIR50','395',1,3,'4','nathaly@example.com.mx','PZA','H87',51181700,'KIROPRED 50 20TBS','5.00',51.72,1034.35,206.87,'NO','PENDIENTE','HABILITADO','2018-11-29 11:00:42','2018-11-29 11:00:42'),
(5,'','183745',2,4,'6','prueba@example.com.mx','PZ','H87',10191509,'FOLEY 2% 1 KG.(24 BOLSAS)..............7','5',91.25,365.00,73.00,'NO','PENDIENTE','HABILITADO','2018-12-04 17:50:23','2018-12-04 17:50:23'),
(6,'','183745',2,4,'6','prueba@example.com.mx','PZ','H87',10121507,'BIOZ1000 ALIM. ZENZONTLE KILO..........*','5',77.50,310.00,62.00,'NO','PENDIENTE','HABILITADO','2018-12-04 17:50:23','2018-12-04 17:50:23'),
(7,'','183745',2,4,'6','prueba@example.com.mx','pz','H87',51101500,'GANAVET 50 ML.','10',546.00,1820.00,182.00,'NO','PENDIENTE','HABILITADO','2018-12-04 17:50:23','2018-12-04 17:50:23'),
(8,'','183745',2,4,'6','prueba@example.com.mx','pz','H87',51101500,'GANAVET 50 ML.','4',0.00,0.40,0.10,'NO','PENDIENTE','HABILITADO','2018-12-04 17:50:23','2018-12-04 17:50:23'),
(9,'','183745',2,4,'6','prueba@example.com.mx','PZ','H87',10111305,'SHAMPOO DE ZABILA AROMA (LAVANDA) 250ML.','5',127.50,425.00,85.00,'NO','PENDIENTE','HABILITADO','2018-12-04 17:50:23','2018-12-04 17:50:23'),
(10,'','183745',2,4,'6','prueba@example.com.mx','PZ','H87',10111305,'SHAMPOO DE ZABILA AROMA (LAVANDA) 250ML.','2',0.00,0.20,0.10,'NO','PENDIENTE','HABILITADO','2018-12-04 17:50:23','2018-12-04 17:50:23'),
(11,'','183745',2,4,'6','prueba@example.com.mx','pz','H87',42121600,'TOPAZONE SPRAY 250 ML.','5',229.50,765.00,153.00,'NO','PENDIENTE','HABILITADO','2018-12-04 17:50:23','2018-12-04 17:50:23'),
(12,'','183745',2,4,'6','prueba@example.com.mx','pz','H87',42121600,'DERMISAN SHAMPOO 240 ML.','2',84.50,338.00,169.00,'NO','PENDIENTE','HABILITADO','2018-12-04 17:50:23','2018-12-04 17:50:23'),
(13,'SC75MG','600',4,4,'6','prueba@example.com.mx','PZA','H87',51102600,'SPECTRUM CEFALEXINA 75MG 20TBS','1.00',0.00,94.88,94.88,'NO','PENDIENTE','HABILITADO','2018-12-04 17:53:55','2018-12-04 17:53:55'),
(14,'SC60020TBS','600',4,4,'6','prueba@example.com.mx','PZA','H87',51102600,'SPECTRUM CEFALEXINA 600MG 20TBS','1.00',0.00,365.48,365.48,'NO','PENDIENTE','HABILITADO','2018-12-04 17:53:55','2018-12-04 17:53:55'),
(15,'ENRD100ML','600',4,4,'6','prueba@example.com.mx','PZA','H87',51102600,'ENROL C/DIPIRONA 100ML','1.00',0.00,133.12,133.12,'NO','PENDIENTE','HABILITADO','2018-12-04 17:53:55','2018-12-04 17:53:55'),
(16,'VETM1MG','600',4,4,'6','prueba@example.com.mx','PZA','H87',42121605,'VETMEDIN 1.25MG 100CAPS','1.00',0.00,849.75,849.75,'NO','PENDIENTE','HABILITADO','2018-12-04 17:53:56','2018-12-04 17:53:56'),
(17,'STO60ML','600',4,4,'6','prueba@example.com.mx','PZA','H87',42121600,'STOP ON 60ML','1.00',0.00,37.31,37.31,'NO','PENDIENTE','HABILITADO','2018-12-04 17:53:56','2018-12-04 17:53:56'),
(18,'STO250ML','600',4,4,'6','prueba@example.com.mx','PZA','H87',42121600,'STOP ON 250ML','1.00',0.00,87.50,87.50,'NO','PENDIENTE','HABILITADO','2018-12-04 17:53:56','2018-12-04 17:53:56');

/*Table structure for table `producto_impuestos` */

DROP TABLE IF EXISTS `producto_impuestos`;

CREATE TABLE `producto_impuestos` (
  `id` int(11) NOT NULL AUTO_INCREMENT,
  `id_factura` int(11) NOT NULL,
  `id_producto` int(11) NOT NULL,
  `base_traslado` float(10,2) DEFAULT NULL,
  `impuesto_traslado` varchar(10) DEFAULT NULL,
  `tipo_factor_traslado` varchar(50) DEFAULT NULL,
  `tasa_cuota_traslado` float(10,2) DEFAULT NULL,
  `importe_traslado` float(10,2) DEFAULT NULL,
  PRIMARY KEY (`id`)
) ENGINE=InnoDB AUTO_INCREMENT=19 DEFAULT CHARSET=latin1;

/*Data for the table `producto_impuestos` */

insert  into `producto_impuestos`(`id`,`id_factura`,`id_producto`,`base_traslado`,`impuesto_traslado`,`tipo_factor_traslado`,`tasa_cuota_traslado`,`importe_traslado`) values 
(1,1,1,2699.90,'002','Exento',0.00,0.00),
(2,1,2,0.04,'002','Exento',0.00,0.00),
(3,1,3,478.28,'002','Tasa',0.16,76.52),
(4,1,4,982.63,'002','Exento',0.00,0.00),
(5,2,5,273.75,'003','Tasa',0.07,19.16),
(6,2,6,273.75,'002','Tasa',0.00,0.00),
(7,2,7,232.50,'003','Tasa',0.00,0.00),
(8,2,8,232.50,'002','Tasa',0.16,37.20),
(9,2,9,1274.00,'003','Tasa',0.00,0.00),
(10,2,10,1274.00,'002','Tasa',0.00,0.00),
(11,2,11,0.40,'003','Tasa',0.00,0.00),
(12,2,12,0.40,'002','Tasa',0.00,0.00),
(13,4,13,94.88,'002','Exento',0.00,0.00),
(14,4,14,365.48,'002','Exento',0.00,0.00),
(15,4,15,133.12,'002','Exento',0.00,0.00),
(16,4,16,849.75,'002','Exento',0.00,0.00),
(17,4,17,37.31,'002','Exento',0.00,0.00),
(18,4,18,87.50,'002','Exento',0.00,0.00);

/*Table structure for table `productos_validos` */

DROP TABLE IF EXISTS `productos_validos`;

CREATE TABLE `productos_validos` (
  `product_id` int(10) NOT NULL AUTO_INCREMENT,
  `no_identificacion` varchar(10) COLLATE utf8_unicode_ci DEFAULT NULL,
  `product_name` varchar(100) COLLATE utf8_unicode_ci NOT NULL,
  `product_status` enum('APROBADO') COLLATE utf8_unicode_ci NOT NULL DEFAULT 'APROBADO',
  KEY `product_id` (`product_id`)
) ENGINE=InnoDB AUTO_INCREMENT=280 DEFAULT CHARSET=utf8 COLLATE=utf8_unicode_ci;

/*Data for the table `productos_validos` */

insert  into `productos_validos`(`product_id`,`no_identificacion`,`product_name`,`product_status`) values 
(1,'','SOL CS INY.FLEXOVAL 1000ML','APROBADO'),
(2,'','ELECTROLIT FRESA ORAL 625ML PLAS','APROBADO'),
(3,'','ELECTROLIT COCO ORAL 625ML PLA','APROBADO'),
(4,'','AGUA ESTERIL SOL P/IRRI 500ML FCO.PLASTI','APROBADO'),
(5,'','AGUA INY 5ML C/100 AMP. PLAS','APROBADO'),
(6,'','SOL  CS INY 100ML MINIOVAL','APROBADO'),
(7,'','ENDOZIME AW PLUS GALON 4000 ML','APROBADO'),
(8,'','ACTYNOCEF 4g. C/12 fcos.','APROBADO'),
(9,'','AMINOFOSCAL VIT. 500','APROBADO'),
(10,'','COMPLENAY B-12 ELIXIR 100 ml C/ 25 Frasc','APROBADO'),
(11,'','GENTALEX FUERTE 250 ML.','APROBADO'),
(12,'','MASTILIBER 10ml Cubeta C/30 Jeringas','APROBADO'),
(13,'','PENBACORT SUSPENSION 100 mlx12','APROBADO'),
(14,'','PENBACORT 4\'000\'000 U.I.','APROBADO'),
(15,'','SEBA ADE 100 ml.','APROBADO'),
(15,'','SEBA ADE 100 ml.','APROBADO'),
(17,'','SEBA ADE 500 ml.','APROBADO'),
(18,'','STOP ON 250ml C/12fcos.','APROBADO'),
(19,'','CAROSEN 50g. C/20 sob.','APROBADO'),
(20,'','FERRITON 200 100ml C/12 fcos.','APROBADO'),
(21,'','FURACINE pomada 85g.g','APROBADO'),
(22,'','FURACINE pomada 453g','APROBADO'),
(23,'','COMPLENAY B-12 ELIX. 3.5 LT','APROBADO'),
(24,'','GENTALEX FTE 100 100ml C/12FCO','APROBADO'),
(25,'','GENTAMAST 10ml Cubeta C/30 Jeringas','APROBADO'),
(26,'','COMPLENAY B-12 POLVO 2KG','APROBADO'),
(27,'','CAROSEN C POLVO SOL 200g C/25','APROBADO'),
(28,'','ACTYNOXEL RTU SUSP INY 100ml','APROBADO'),
(29,'','ECTOSIN MP SOL INY 1% 500ml','APROBADO'),
(30,'','ECTOSIN MP SOL INY 1% 1000ml','APROBADO'),
(31,'','ACTYNOXEL RTU SUSP INY 250ml','APROBADO'),
(32,'','PIROFLOX 10% SOL INY 250ml','APROBADO'),
(33,'','PIROFLOX SOL. ORAL 20% 1L','APROBADO'),
(34,'','PIROFLOX SOL. ORAL 20% 5L','APROBADO'),
(35,'','SEBENDAZOL 4% POLVO ORAL 25KG','APROBADO'),
(36,'','SOLUCION CS 7.5% S.I 1000mlVET','APROBADO'),
(37,'','SOLUCION HT PISA 2.5Lt Bsa.VET','APROBADO'),
(38,'','SOL.HT BOLSA 5 Lt SOL.INY. VET','APROBADO'),
(39,'','SOL. Cs PLASCO 500 ml','APROBADO'),
(40,'','SOL. Cs PLASCO 1000 ml','APROBADO'),
(41,'','SOL. Dx5% PLASCO 500 ml','APROBADO'),
(42,'','SOL. Dx5% PLASCO 1000 ml','APROBADO'),
(43,'','SOL HT FLEXO VAL 500 ML VET','APROBADO'),
(44,'','SOL. HT PLASCO 1000 mlL','APROBADO'),
(45,'','SOL DX-50 Plas 500ml VET','APROBADO'),
(46,'','AGUA ESTERIL 1000ml VET PISA','APROBADO'),
(47,'','ANESKET VET. 1000 mg/10 ml','APROBADO'),
(48,'','GENTAERBA Pvo. 10g. sobre c/20','APROBADO'),
(49,'','GENTAERBA 100 ml VET','APROBADO'),
(50,'','3 SULFAS Solucion Iny. 100 ml','APROBADO'),
(51,'','3 SULFAS Solucion Iny. 250 ml','APROBADO'),
(52,'','3 SULFAS Solucion Iny. 500 ml','APROBADO'),
(53,'','PIROFLOX 5% Inyectable 250ml','APROBADO'),
(54,'','PIROFLOX 5% S.Iny. 50ml VET','APROBADO'),
(55,'','SEBACICLINA 50 SOL.INY. 500 ML','APROBADO'),
(56,'','OXITOPISA 20UI sol.iny.fco.amp.50ml(Vet)','APROBADO'),
(57,'','OXITOPISA 20UI sol.iny.fco.amp.100ml(Vet','APROBADO'),
(58,'','FENPIZOL GRAN 22% 10.23gC/50','APROBADO'),
(59,'','FENPIZOL pvo4%sob.12.5gc/50','APROBADO'),
(60,'','CALCIOSOL C/150 COMP. VET','APROBADO'),
(61,'','CALCIOSOL CON FIJ.Y DEXT.500ml','APROBADO'),
(62,'','ALNEX Sol. Iny. 250 ml VET','APROBADO'),
(63,'','ALNEX Sol. Iny. 100ml VET','APROBADO'),
(64,'','HENEXAL VET. 10 ml. Iny.','APROBADO'),
(65,'','FLEBOTEK VETERINARIO','APROBADO'),
(66,'','FLEBOTEK CON ESPIRAL veterinario','APROBADO'),
(67,'','FLEBOTEK  NORMOGOTERO VET','APROBADO'),
(68,'','PISA MIX PLUS POLVO 10g/2g 5K','APROBADO'),
(69,'','NAPZIN Sol Iny. 50ml','APROBADO'),
(70,'','NAPZIN SOL INY 100ML VET','APROBADO'),
(71,'','PROCIN  SOL. INY. 25 ML VET','APROBADO'),
(72,'','NAPZIN 50mg/ml 250ml','APROBADO'),
(73,'','ENERCOL 0.018g/30ml Sol.InyVET','APROBADO'),
(74,'','NAPZIN SOL INY FCO 10 ML','APROBADO'),
(75,'','ECTOSIN 0.6% PREMIX 5KG PREMEZ','APROBADO'),
(76,'','PROCIN EQUUS SOL INY 50ml','APROBADO'),
(77,'','OXITOPISA 20UI S.I. 250ml VET','APROBADO'),
(78,'','PENBALEX LA Susp.Iny.250ml','APROBADO'),
(79,'','PENBALEX LA Susp.Iny. 100ml','APROBADO'),
(80,'','TOPAZONE AEROSOL PVL  250CC VET','APROBADO'),
(81,'','SEBACICLINA MF SOL INY 100 ml','APROBADO'),
(82,'','ELECTRODEX Pvo.p/Sol.Oral C/10kg','APROBADO'),
(83,'','BASETYL 200 SOL INY. 20% 250ml','APROBADO'),
(84,'','AMX LA SUSP INY 100 ML.','APROBADO'),
(85,'','NFL MAX PREMEZCLA 5Kg','APROBADO'),
(86,'','NFL MAX C/EXPEC PREMEZCLA 5Kg','APROBADO'),
(87,'','CALCIOSOL FORTE Iny. 100 ML','APROBADO'),
(88,'','CRIVOSIN VET  1MG  10 ML','APROBADO'),
(89,'','MAXIFOLIPOL 4% PREMEZCLA 25KG VET.','APROBADO'),
(90,'','CAREBUMINA 25%PREMEZCLA 4KG','APROBADO'),
(91,'','LINCOMINE 44 Premezcla 25Kg','APROBADO'),
(92,'','ECTOSIN  SoluciÇŸ¶ün oral 1L','APROBADO'),
(93,'','PENDIBEN COMPUESTO 50 MUI VET','APROBADO'),
(94,'','FOSFODICA  SOL.ORAL 1L VET','APROBADO'),
(95,'','FOSFODICA SOL. ORAL 20L VET','APROBADO'),
(96,'','NF 180 NFL SoluciÇŸ¶ün oral 2L','APROBADO'),
(97,'','NEUMOENTER PLUS Premezcla 6Kg','APROBADO'),
(98,'','AMX 50% POLVO SOLUBLE 500g  VET','APROBADO'),
(99,'','ELECTRODEX 180MG  C/5 SOBRES VET','APROBADO'),
(100,'','\"NOVOX Manufacturado','APROBADO'),
(101,'','PRANTEL PUPPY SUSP ORAL 20 ML VET','APROBADO'),
(102,'','PIROFLOX PLUS SOL. INY. 250ML','APROBADO'),
(103,'','COCCITRAK 2.5 ( SOL 1 LT)VET','APROBADO'),
(104,'','\"COCCITRAK 5.0%','APROBADO'),
(105,'','PIROFLOX PLUS 10% SOL ORAL 5L','APROBADO'),
(106,'','PISACAINA 2% C/EPINEFRINA VET 50ml.','APROBADO'),
(107,'','PISACAINA 2% VET 50ml.','APROBADO'),
(108,'','OTROZOL 500 VET Flexoval 100ml','APROBADO'),
(109,'','BEPLENOVAX VET 1000 ml','APROBADO'),
(110,'','\"DIAMAL ROD','APROBADO'),
(111,'','\"DIAMAL ROD','APROBADO'),
(112,'','PENTASTAR Shampoo pulgicida (250ml)','APROBADO'),
(113,'','PENTASTAR JabÇŸ¶ün pulgicida (Barra 80g)','APROBADO'),
(114,'','FUREAL N.F. (Urea 13.4 g) caja /50 bolos','APROBADO'),
(115,'','NF-180 N.F. (Norfloxacina 40mg) C/600Tab','APROBADO'),
(116,'','FURACINE NF SOL. TOPICA 3.5 L','APROBADO'),
(117,'','FURACINE NF SOL. TOPICA 500 ML','APROBADO'),
(118,'','TOPAZONE NF AEROSOL 400 ML','APROBADO'),
(119,'','VALSYN NF POLVO SOLUBLE CUBETA C/10KG','APROBADO'),
(120,'','VALSYN NF POLVO SOLUBLE 5G C/100 SOBRES','APROBADO'),
(121,'','FURACINE NF POMADA 453G','APROBADO'),
(122,'','FURACINE NF POMADA 85G','APROBADO'),
(123,'','CLOVIREL PREMEZ.SACO25KgVET','APROBADO'),
(124,'','\"COCCILIBER 40% PREMEZCLA','APROBADO'),
(125,'','PROCINA Sol.Iny. 50ml','APROBADO'),
(126,'','NF-180 ST (P/TERNEROS REFORM.)C/200Bolos','APROBADO'),
(127,'','BASETYL MAX S.I. FRASCO 100ML VET','APROBADO'),
(128,'','BASETYL MAX S.I. FRASCO 250ML VET','APROBADO'),
(129,'','PISABENTAL 6.3% SOL.INY. 100ML','APROBADO'),
(130,'','RACMINA PREMIX (Ract.HCl 2%)Prem.C/10Kg','APROBADO'),
(131,'','','APROBADO'),
(132,'','ZIPAMIX 4.8% PREMEZCLA ORAL SACO/10KG','APROBADO'),
(133,'','RACMINA PREMIX 10% Premez.Oral C/10Kg','APROBADO'),
(134,'','\"NEUMOENTER PREMIX 20%','APROBADO'),
(135,'','PISACOX 12% PREMEZCLA SACO 25 KG','APROBADO'),
(136,'','PET SHINE  SHAMPOO SOLIDO  100GR VET','APROBADO'),
(137,'','PISAFLAM 50MG/ML SOL.INY. FCO.100ML','APROBADO'),
(138,'','MEGACLOX FG+ 140/20mg C/20 IMP','APROBADO'),
(139,'','MEGACLOX CR200 200/20mg C/20 IMP','APROBADO'),
(140,'','MEGACLOX BG6 40/8mg C/10 IMP','APROBADO'),
(141,'','SINATAQ 1L','APROBADO'),
(142,'','SINATAQ 100ML','APROBADO'),
(143,'','AMOXICLAV VET 875/125mg C/14 TAB VET','APROBADO'),
(144,'','AMOXICLAV   VET  POLVO P / SUSP  ORAL Fr','APROBADO'),
(145,'','GENTALEX  FUERTE SOL.INY. 5% FCO. 100ml','APROBADO'),
(146,'','SOL. HT FCO. PLAST 250 ml. VET.','APROBADO'),
(147,'','SOL. CS. 0.9% FCO. PLAST 250 ml. VET','APROBADO'),
(148,'','RANULIN  VET    Caja c/30  Tabletas','APROBADO'),
(149,'','RANULIN  VET  INYECTABLE  Fco.  50 ml.','APROBADO'),
(150,'','PIROFLOX TABLETAS 50 Mg. CAJA C/30 Tab.','APROBADO'),
(151,'','4006306','APROBADO'),
(152,'','VITABECID Sol.Iny.100ml','APROBADO'),
(153,'','HORPROGES S.I 50mg/ml fco 10ml','APROBADO'),
(154,'','INDUPAR Sol.Iny 0.075mg/ml Fco.20ml','APROBADO'),
(155,'','RELINA500 fco. 50ml Sol.Iny 500mcg/5ml','APROBADO'),
(156,'','DIAMAL BLQ BROMADIOLONA 0.005% CBT5KG','APROBADO'),
(157,'','LARVOPEC 10mg/ml Sol Iny 500 ml','APROBADO'),
(158,'','TILMI 300 mg/ml Soln. Inyectable 100 ml','APROBADO'),
(159,'','PRANTEL PLUS Perros Grandes C/20 TABLETA','APROBADO'),
(160,'','ECTOSIN LA 31.5mg/ml fco. c/500ml','APROBADO'),
(161,'','PENBALEX AQUA SUSP INY. 250ML','APROBADO'),
(162,'','STOP  ON 10 X 60 ML VET','APROBADO'),
(163,'','VODEXATÇ?¶ÿ FCO AMP 50ML VET','APROBADO'),
(164,'','PRANTEL  PUPPY  Susp.  Oral  150ml.','APROBADO'),
(165,'','PISALIV  VET Fco. 15 ml. Sol. Oftalmica','APROBADO'),
(166,'','IRONHORSE SI 20mg/ml Caja C/10 Fcos 20ml','APROBADO'),
(167,'','PROTECTYL 40% PREMEZCLA 10Kg','APROBADO'),
(168,'','COCCIMAX 12% premezcla 25Kg','APROBADO'),
(169,'','DARBAZIN PASTA ORAL JGA C/32.4G VET','APROBADO'),
(170,'','EQUIPRAZOL PASTA ORAL 6.15g c/7Jering','APROBADO'),
(171,'','ECTOSIN EQUUS PLUS JERINGA 6.42g','APROBADO'),
(172,'','ECTOSIN EQUUS SIMPLE JERINGA 25ML','APROBADO'),
(173,'','COMPLENAY MO SOL INY FCO C/100ml VET','APROBADO'),
(174,'','COMPLENAY MO SOL INY FCO C/500ml VET','APROBADO'),
(175,'','PRANTEL PLUS C/20 TABLETAS','APROBADO'),
(176,'','AMX 60% PREMIX SACO C/25KG','APROBADO'),
(177,'','AMINO-LITE 34X iny.250MLplast.BOEHRINGER','APROBADO'),
(178,'','AGUA ESTERIL PISA 3 Lt VET','APROBADO'),
(179,'','TH4 SoluciÇŸ¶ün 1 Litro','APROBADO'),
(180,'','TH4 SoluciÇŸ¶ün 5 Litros','APROBADO'),
(181,'','TH4+ ENV. PLASTICO 10 Lt','APROBADO'),
(182,'','TH4+ ENV. PLASTICO 25 Lt','APROBADO'),
(183,'','TH4+ ENV. PLASTICO 60 Lt','APROBADO'),
(184,'','CLOXAPRAM 20 mg/ml FCO C/20 ml VET','APROBADO'),
(185,'','DOCARPINA 25mg FCO C/60 TAB VET','APROBADO'),
(186,'','EVITEMP 13.5/15.2% POLVO CJA C/25 SOB','APROBADO'),
(187,'','PRAMOTIL VET 5MG/ML S.I FCO AMP 50ml','APROBADO'),
(188,'','SOFLORAN   VET.  Fco.  Con  100ml.','APROBADO'),
(189,'','ANTIVON VET TAB 4 MG CJA C/10','APROBADO'),
(190,'','CLINDAPIS TABLETAS 150MG CJA C/20 VET','APROBADO'),
(191,'','RELAZEPAM VET 5mg/ml SOL INY FCO AMP10ml','APROBADO'),
(192,'','PISADOL 20 SOL INY FCO AMP C/20ml VET','APROBADO'),
(193,'','PISADOL 50 SOL INY FCO AMP C/50ml VET','APROBADO'),
(194,'','PISADOL 100mg SOL ORAL FCO GOT 10ml VET','APROBADO'),
(195,'','FIST GEL 0.05% GEL CUCARAC JGA C/30 gr','APROBADO'),
(196,'','TOTENFLI 1% CEBO EXH C/50 SOB 20gr C/U','APROBADO'),
(197,'','TOTENFLI 1% CEBO MOSQ TARRO 1 kg','APROBADO'),
(198,'','TOTENFLI 1% CEBO MOSQ TARRO 2 kg','APROBADO'),
(199,'','SINATAQ 40 PVO HUM EX C/25 SOB 10gr','APROBADO'),
(200,'','SINATAQ 40 PVO HUM TARRO C/250 gr','APROBADO'),
(201,'','CAREBUMINA 25% PREMEZCLA SACO C/25 kg','APROBADO'),
(202,'','FLOXACINE 100 mg S.I. FCO C/100 ml','APROBADO'),
(203,'','DOCARPINA 50 mg  FCO C/60 TAB VET','APROBADO'),
(204,'','DOCARPINA 100 mg FCO C/60 TAB VET','APROBADO'),
(205,'','SOLDRIN CLEAN OTIC 1.5%/.1% FCO C/120ml','APROBADO'),
(206,'','MELOCAXYL 1.5MG/ML SUS ORAL FCO C/10 ML','APROBADO'),
(207,'','MELOCAXYL 1.5mg/ml SUS ORAL FCO C/32 ml','APROBADO'),
(208,'','NFL MAX C/EXPEC PREMEZCLA 25Kg','APROBADO'),
(209,'','ESPIRANIDE CJA C/10 TAB','APROBADO'),
(210,'','AMINO-LITE 34X iny250MLVIDRIO BOEHRINGER','APROBADO'),
(211,'','TM POLVO SOL F/ANIMAL 25X200G (ZOETIS)Ç?¶ÿ','APROBADO'),
(212,'','TM POLVO SOL F/ANIMAL 20X50G (ZOETIS)Ç?¶ÿ Ç?¶ÿ','APROBADO'),
(213,'','TM POL SOL F/ANIMAL 25KG(5X5KG) (ZOETIS)','APROBADO'),
(214,'','TM POLVO SOL C/HIAMINA 20X50G (ZOETIS)Ç?¶ÿ','APROBADO'),
(215,'','','APROBADO'),
(216,'','PETSHINE SPA BARRA JABON C/100g','APROBADO'),
(217,'','MAMISAN UNGÇŸ?ENTO 100G (ZOETIS)Ç?¶ÿ','APROBADO'),
(218,'','MAMISAN UNGÇŸ?ENTO 200G (ZOETIS)Ç?¶ÿ','APROBADO'),
(219,'','ZIROLARV PVO SOL 52.5% TARRO C/250 GR','APROBADO'),
(220,'','SOLUCION HT PISA 1000ml EXP COLOMBIA VET','APROBADO'),
(221,'','SOLUCION CS PISA 1000ml EXP COLOMBIA VET','APROBADO'),
(222,'','SOLUCION DX-50 PISA 500ml EXP COLOMB VET','APROBADO'),
(223,'','FLUFLOR XPECTRO S.I. 450MG/ML FCO 250ML','APROBADO'),
(224,'','CLINDAPIS SOL ORAL FCO C/20 ml VET','APROBADO'),
(225,'','NF-180 NFL 2% 10KG POLVO ORAL EXP CR VET','APROBADO'),
(226,'','NAPZIN SOL INY FCO 10 ml EXP CR VET','APROBADO'),
(227,'','NAPZIN SOL INY FCO 50 ML EXP CR VET','APROBADO'),
(228,'','NAPZIN  SOL INY FCO 100 ML EXP  VET','APROBADO'),
(229,'','ALNEX Sol. Iny. 250 ml VET NUPLEN','APROBADO'),
(230,'','3 SULFAS Solucion Iny. 500 ml NUPLEN','APROBADO'),
(231,'','NAPZIN 50mg/ml 250ml NUPLEN','APROBADO'),
(232,'','SOL DX-50 Plas 500ml VET NUPLEN','APROBADO'),
(233,'','BEPLENOVAX S.I. FCO C/1000 ml VET NUPLEN','APROBADO'),
(234,'','BASETYL 200 SOL INY. 20% 250ml NUPLEN','APROBADO'),
(235,'','SEBACICLINA 50 SOL.INY. 500 ML NUPLEN','APROBADO'),
(236,'','\"CALCIOSOL FORTE','APROBADO'),
(237,'','\"ELECTRODEX BECERROS','APROBADO'),
(238,'','ACTYNOXEL RTU SUSP INY 250ml NUPLEN','APROBADO'),
(239,'','PIROFLOX 10% SOL INY 250ml NUPLEN','APROBADO'),
(240,'','HENEXAL VET 50mg/ml 10ml fco NUPLEN','APROBADO'),
(241,'','SOLUCION CS 7.5% S.I 1000mlVET NUPLEN','APROBADO'),
(242,'','SOL CS FLEX SI 1000ml VET NUPLEN','APROBADO'),
(243,'','GENTAERBA Solucion Iny. 100ml NUPLEN','APROBADO'),
(244,'','FLEBOTEK S/AGUJA VETERINARIO NUPLEN','APROBADO'),
(245,'','GENTAERBA Solucion Iny. 100ml PE.','APROBADO'),
(246,'','BEPLENOVAX iny.fco.1000 ml VET PE.','APROBADO'),
(247,'','CALCIOSOL CON FIJ. c/150 comp. PE.','APROBADO'),
(248,'','HENEXAL VET 50mg/ml 10ml fco PE.','APROBADO'),
(249,'','SOL CS Iny FLEXOVAL 500ml(Vet) PE.','APROBADO'),
(250,'','SOL CS 0.9% FCO. PLAST 250ML. VET. PE.','APROBADO'),
(251,'','SOL HARTMANN FCO. PLAST 250ML. VET. PE.','APROBADO'),
(252,'','FLEBOTEK CON ESPIRAL veterinario PE.','APROBADO'),
(253,'','FLEBOTEK s/aguja Veterinario PE.','APROBADO'),
(254,'','SOL CS FLEX S.Iny 1000ml VET PE.','APROBADO'),
(255,'','PISTOLA PARA IMPLANTES MEGACLOX','APROBADO'),
(256,'','DONEXENT 100mg CAJA C/100 TAB VET','APROBADO'),
(257,'','TOPAZONE NF AEROSOL 400 ML PROAN','APROBADO'),
(258,'','FERRITON 200 100ml C/12 fcos EXP CR VET','APROBADO'),
(259,'','NFL MAX C/EXPEC PREMEZCLA 5Kg EXP CR VET','APROBADO'),
(260,'','VALBAZEN 2.5% SUSP FCO 250ML (ZOETIS)','APROBADO'),
(261,'','VALBAZEN 2.5% SUSP FRASCO 1L (ZOETIS)','APROBADO'),
(262,'','RACMINA PREMIX 2% EXP COL','APROBADO'),
(263,'','MASSPERFORMANCE.EQU S.ORAL fco 3.785Lc/4','APROBADO'),
(264,'','MASSPERFORMANCE.YEG S.ORAL fco 3.785Lc/4','APROBADO'),
(265,'','MASSPERFORMANCE.MIN S.ORAL fco 3.785Lc/4','APROBADO'),
(266,'','NFL MAX CON EXPECTORANTE 25KG EXP GUA','APROBADO'),
(267,'','ACTYNOXEL RTU SUSP INY 250ml EXP GUA VET','APROBADO'),
(268,'','COCCITRAK 5% SUSPENSION 250ML EXP GUA','APROBADO'),
(269,'','AMX 60% PREMIX SACO C/25KG EXP COL','APROBADO'),
(270,'','AMINO-LITE 500ML INY. VIDRIO BOEHRINGER','APROBADO'),
(271,'','NFL MAX PREMEZCLA 25Kg','APROBADO'),
(272,'','ZIPAMIX 4.8% PRE ORAL SACO/5KG','APROBADO'),
(273,'','REBAJAS Y DESC. S/VENTAS NAC.','APROBADO'),
(274,'','REBAJAS Y DESC.S/VENTAS NAC. SIN IVA','APROBADO'),
(275,'','SERVICIO DE MAQUILAS','APROBADO'),
(276,'','DESCUENTO POR PRONTO PAGO SIN IVA','APROBADO'),
(277,'','DESCUENTOS PRONTO PAGO COBRANZA','APROBADO'),
(278,'PRUEBAS','MAMISAN 100 GMS. (C/39)','APROBADO'),
(279,'','PIROFLOX 150MG 20TBS','APROBADO');

/*Table structure for table `productos_validos_old` */

DROP TABLE IF EXISTS `productos_validos_old`;

CREATE TABLE `productos_validos_old` (
  `product_id` int(2) NOT NULL AUTO_INCREMENT,
  `no_identificacion` varchar(10) COLLATE utf8_unicode_ci NOT NULL,
  `product_name` varchar(100) COLLATE utf8_unicode_ci NOT NULL,
  `product_status` enum('ARPOBADO') COLLATE utf8_unicode_ci NOT NULL DEFAULT 'ARPOBADO',
  KEY `product_id` (`product_id`)
) ENGINE=InnoDB AUTO_INCREMENT=278 DEFAULT CHARSET=utf8 COLLATE=utf8_unicode_ci;

/*Data for the table `productos_validos_old` */

insert  into `productos_validos_old`(`product_id`,`no_identificacion`,`product_name`,`product_status`) values 
(1,'','SOL CS INY.FLEXOVAL 1000ML','ARPOBADO'),
(2,'','ELECTROLIT FRESA ORAL 625ML PLAS','ARPOBADO'),
(3,'','ELECTROLIT COCO ORAL 625ML PLA','ARPOBADO'),
(4,'','AGUA ESTERIL SOL P/IRRI 500ML FCO.PLASTI','ARPOBADO'),
(5,'','AGUA INY 5ML C/100 AMP. PLAS','ARPOBADO'),
(6,'','SOL  CS INY 100ML MINIOVAL','ARPOBADO'),
(7,'','ENDOZIME AW PLUS GALON 4000 ML','ARPOBADO'),
(8,'','ACTYNOCEF 4g. C/12 fcos.','ARPOBADO'),
(9,'','AMINOFOSCAL VIT. 500','ARPOBADO'),
(10,'','COMPLENAY B-12 ELIXIR 100 ml C/ 25 Frasc','ARPOBADO'),
(11,'','GENTALEX FUERTE 250 ML.','ARPOBADO'),
(12,'','MASTILIBER 10ml Cubeta C/30 Jeringas','ARPOBADO'),
(13,'','PENBACORT SUSPENSION 100 mlx12','ARPOBADO'),
(14,'','PENBACORT 4\'000\'000 U.I.','ARPOBADO'),
(15,'','SEBA ADE 100 ml.','ARPOBADO'),
(15,'','SEBA ADE 100 ml.','ARPOBADO'),
(17,'','SEBA ADE 500 ml.','ARPOBADO'),
(18,'','STOP ON 250ml C/12fcos.','ARPOBADO'),
(19,'','CAROSEN 50g. C/20 sob.','ARPOBADO'),
(20,'','FERRITON 200 100ml C/12 fcos.','ARPOBADO'),
(21,'','FURACINE pomada 85g.g','ARPOBADO'),
(22,'','FURACINE pomada 453g','ARPOBADO'),
(23,'','COMPLENAY B-12 ELIX. 3.5 LT','ARPOBADO'),
(24,'','GENTALEX FTE 100 100ml C/12FCO','ARPOBADO'),
(25,'','GENTAMAST 10ml Cubeta C/30 Jeringas','ARPOBADO'),
(26,'','COMPLENAY B-12 POLVO 2KG','ARPOBADO'),
(27,'','CAROSEN C POLVO SOL 200g C/25','ARPOBADO'),
(28,'','ACTYNOXEL RTU SUSP INY 100ml','ARPOBADO'),
(29,'','ECTOSIN MP SOL INY 1% 500ml','ARPOBADO'),
(30,'','ECTOSIN MP SOL INY 1% 1000ml','ARPOBADO'),
(31,'','ACTYNOXEL RTU SUSP INY 250ml','ARPOBADO'),
(32,'','PIROFLOX 10% SOL INY 250ml','ARPOBADO'),
(33,'','PIROFLOX SOL. ORAL 20% 1L','ARPOBADO'),
(34,'','PIROFLOX SOL. ORAL 20% 5L','ARPOBADO'),
(35,'','SEBENDAZOL 4% POLVO ORAL 25KG','ARPOBADO'),
(36,'','SOLUCION CS 7.5% S.I 1000mlVET','ARPOBADO'),
(37,'','SOLUCION HT PISA 2.5Lt Bsa.VET','ARPOBADO'),
(38,'','SOL.HT BOLSA 5 Lt SOL.INY. VET','ARPOBADO'),
(39,'','SOL. Cs PLASCO 500 ml','ARPOBADO'),
(40,'','SOL. Cs PLASCO 1000 ml','ARPOBADO'),
(41,'','SOL. Dx5% PLASCO 500 ml','ARPOBADO'),
(42,'','SOL. Dx5% PLASCO 1000 ml','ARPOBADO'),
(43,'','SOL HT FLEXO VAL 500 ML VET','ARPOBADO'),
(44,'','SOL. HT PLASCO 1000 mlL','ARPOBADO'),
(45,'','SOL DX-50 Plas 500ml VET','ARPOBADO'),
(46,'','AGUA ESTERIL 1000ml VET PISA','ARPOBADO'),
(47,'','ANESKET VET. 1000 mg/10 ml','ARPOBADO'),
(48,'','GENTAERBA Pvo. 10g. sobre c/20','ARPOBADO'),
(49,'','GENTAERBA 100 ml VET','ARPOBADO'),
(50,'','3 SULFAS Solucion Iny. 100 ml','ARPOBADO'),
(51,'','3 SULFAS Solucion Iny. 250 ml','ARPOBADO'),
(52,'','3 SULFAS Solucion Iny. 500 ml','ARPOBADO'),
(53,'','PIROFLOX 5% Inyectable 250ml','ARPOBADO'),
(54,'','PIROFLOX 5% S.Iny. 50ml VET','ARPOBADO'),
(55,'','SEBACICLINA 50 SOL.INY. 500 ML','ARPOBADO'),
(56,'','OXITOPISA 20UI sol.iny.fco.amp.50ml(Vet)','ARPOBADO'),
(57,'','OXITOPISA 20UI sol.iny.fco.amp.100ml(Vet','ARPOBADO'),
(58,'','FENPIZOL GRAN 22% 10.23gC/50','ARPOBADO'),
(59,'','FENPIZOL pvo4%sob.12.5gc/50','ARPOBADO'),
(60,'','CALCIOSOL C/150 COMP. VET','ARPOBADO'),
(61,'','CALCIOSOL CON FIJ.Y DEXT.500ml','ARPOBADO'),
(62,'','ALNEX Sol. Iny. 250 ml VET','ARPOBADO'),
(63,'','ALNEX Sol. Iny. 100ml VET','ARPOBADO'),
(64,'','HENEXAL VET. 10 ml. Iny.','ARPOBADO'),
(65,'','FLEBOTEK VETERINARIO','ARPOBADO'),
(66,'','FLEBOTEK CON ESPIRAL veterinario','ARPOBADO'),
(67,'','FLEBOTEK  NORMOGOTERO VET','ARPOBADO'),
(68,'','PISA MIX PLUS POLVO 10g/2g 5K','ARPOBADO'),
(69,'','NAPZIN Sol Iny. 50ml','ARPOBADO'),
(70,'','NAPZIN SOL INY 100ML VET','ARPOBADO'),
(71,'','PROCIN  SOL. INY. 25 ML VET','ARPOBADO'),
(72,'','NAPZIN 50mg/ml 250ml','ARPOBADO'),
(73,'','ENERCOL 0.018g/30ml Sol.InyVET','ARPOBADO'),
(74,'','NAPZIN SOL INY FCO 10 ML','ARPOBADO'),
(75,'','ECTOSIN 0.6% PREMIX 5KG PREMEZ','ARPOBADO'),
(76,'','PROCIN EQUUS SOL INY 50ml','ARPOBADO'),
(77,'','OXITOPISA 20UI S.I. 250ml VET','ARPOBADO'),
(78,'','PENBALEX LA Susp.Iny.250ml','ARPOBADO'),
(79,'','PENBALEX LA Susp.Iny. 100ml','ARPOBADO'),
(80,'','TOPAZONE AEROSOL PVL  250CC VET','ARPOBADO'),
(81,'','SEBACICLINA MF SOL INY 100 ml','ARPOBADO'),
(82,'','ELECTRODEX Pvo.p/Sol.Oral C/10kg','ARPOBADO'),
(83,'','BASETYL 200 SOL INY. 20% 250ml','ARPOBADO'),
(84,'','AMX LA SUSP INY 100 ML.','ARPOBADO'),
(85,'','NFL MAX PREMEZCLA 5Kg','ARPOBADO'),
(86,'','NFL MAX C/EXPEC PREMEZCLA 5Kg','ARPOBADO'),
(87,'','CALCIOSOL FORTE Iny. 100 ML','ARPOBADO'),
(88,'','CRIVOSIN VET  1MG  10 ML','ARPOBADO'),
(89,'','MAXIFOLIPOL 4% PREMEZCLA 25KG VET.','ARPOBADO'),
(90,'','CAREBUMINA 25%PREMEZCLA 4KG','ARPOBADO'),
(91,'','LINCOMINE 44 Premezcla 25Kg','ARPOBADO'),
(92,'','ECTOSIN  SoluciÇŸ¶ün oral 1L','ARPOBADO'),
(93,'','PENDIBEN COMPUESTO 50 MUI VET','ARPOBADO'),
(94,'','FOSFODICA  SOL.ORAL 1L VET','ARPOBADO'),
(95,'','FOSFODICA SOL. ORAL 20L VET','ARPOBADO'),
(96,'','NF 180 NFL SoluciÇŸ¶ün oral 2L','ARPOBADO'),
(97,'','NEUMOENTER PLUS Premezcla 6Kg','ARPOBADO'),
(98,'','AMX 50% POLVO SOLUBLE 500g  VET','ARPOBADO'),
(99,'','ELECTRODEX 180MG  C/5 SOBRES VET','ARPOBADO'),
(100,'','\"NOVOX Manufacturado','ARPOBADO'),
(101,'','PRANTEL PUPPY SUSP ORAL 20 ML VET','ARPOBADO'),
(102,'','PIROFLOX PLUS SOL. INY. 250ML','ARPOBADO'),
(103,'','COCCITRAK 2.5 ( SOL 1 LT)VET','ARPOBADO'),
(104,'','\"COCCITRAK 5.0%','ARPOBADO'),
(105,'','PIROFLOX PLUS 10% SOL ORAL 5L','ARPOBADO'),
(106,'','PISACAINA 2% C/EPINEFRINA VET 50ml.','ARPOBADO'),
(107,'','PISACAINA 2% VET 50ml.','ARPOBADO'),
(108,'','OTROZOL 500 VET Flexoval 100ml','ARPOBADO'),
(109,'','BEPLENOVAX VET 1000 ml','ARPOBADO'),
(110,'','\"DIAMAL ROD','ARPOBADO'),
(111,'','\"DIAMAL ROD','ARPOBADO'),
(112,'','PENTASTAR Shampoo pulgicida (250ml)','ARPOBADO'),
(113,'','PENTASTAR JabÇŸ¶ün pulgicida (Barra 80g)','ARPOBADO'),
(114,'','FUREAL N.F. (Urea 13.4 g) caja /50 bolos','ARPOBADO'),
(115,'','NF-180 N.F. (Norfloxacina 40mg) C/600Tab','ARPOBADO'),
(116,'','FURACINE NF SOL. TOPICA 3.5 L','ARPOBADO'),
(117,'','FURACINE NF SOL. TOPICA 500 ML','ARPOBADO'),
(118,'','TOPAZONE NF AEROSOL 400 ML','ARPOBADO'),
(119,'','VALSYN NF POLVO SOLUBLE CUBETA C/10KG','ARPOBADO'),
(120,'','VALSYN NF POLVO SOLUBLE 5G C/100 SOBRES','ARPOBADO'),
(121,'','FURACINE NF POMADA 453G','ARPOBADO'),
(122,'','FURACINE NF POMADA 85G','ARPOBADO'),
(123,'','CLOVIREL PREMEZ.SACO25KgVET','ARPOBADO'),
(124,'','\"COCCILIBER 40% PREMEZCLA','ARPOBADO'),
(125,'','PROCINA Sol.Iny. 50ml','ARPOBADO'),
(126,'','NF-180 ST (P/TERNEROS REFORM.)C/200Bolos','ARPOBADO'),
(127,'','BASETYL MAX S.I. FRASCO 100ML VET','ARPOBADO'),
(128,'','BASETYL MAX S.I. FRASCO 250ML VET','ARPOBADO'),
(129,'','PISABENTAL 6.3% SOL.INY. 100ML','ARPOBADO'),
(130,'','RACMINA PREMIX (Ract.HCl 2%)Prem.C/10Kg','ARPOBADO'),
(131,'','','ARPOBADO'),
(132,'','ZIPAMIX 4.8% PREMEZCLA ORAL SACO/10KG','ARPOBADO'),
(133,'','RACMINA PREMIX 10% Premez.Oral C/10Kg','ARPOBADO'),
(134,'','\"NEUMOENTER PREMIX 20%','ARPOBADO'),
(135,'','PISACOX 12% PREMEZCLA SACO 25 KG','ARPOBADO'),
(136,'','PET SHINE  SHAMPOO SOLIDO  100GR VET','ARPOBADO'),
(137,'','PISAFLAM 50MG/ML SOL.INY. FCO.100ML','ARPOBADO'),
(138,'','MEGACLOX FG+ 140/20mg C/20 IMP','ARPOBADO'),
(139,'','MEGACLOX CR200 200/20mg C/20 IMP','ARPOBADO'),
(140,'','MEGACLOX BG6 40/8mg C/10 IMP','ARPOBADO'),
(141,'','SINATAQ 1L','ARPOBADO'),
(142,'','SINATAQ 100ML','ARPOBADO'),
(143,'','AMOXICLAV VET 875/125mg C/14 TAB VET','ARPOBADO'),
(144,'','AMOXICLAV   VET  POLVO P / SUSP  ORAL Fr','ARPOBADO'),
(145,'','GENTALEX  FUERTE SOL.INY. 5% FCO. 100ml','ARPOBADO'),
(146,'','SOL. HT FCO. PLAST 250 ml. VET.','ARPOBADO'),
(147,'','SOL. CS. 0.9% FCO. PLAST 250 ml. VET','ARPOBADO'),
(148,'','RANULIN  VET    Caja c/30  Tabletas','ARPOBADO'),
(149,'','RANULIN  VET  INYECTABLE  Fco.  50 ml.','ARPOBADO'),
(150,'','PIROFLOX TABLETAS 50 Mg. CAJA C/30 Tab.','ARPOBADO'),
(151,'','4006306','ARPOBADO'),
(152,'','VITABECID Sol.Iny.100ml','ARPOBADO'),
(153,'','HORPROGES S.I 50mg/ml fco 10ml','ARPOBADO'),
(154,'','INDUPAR Sol.Iny 0.075mg/ml Fco.20ml','ARPOBADO'),
(155,'','RELINA500 fco. 50ml Sol.Iny 500mcg/5ml','ARPOBADO'),
(156,'','DIAMAL BLQ BROMADIOLONA 0.005% CBT5KG','ARPOBADO'),
(157,'','LARVOPEC 10mg/ml Sol Iny 500 ml','ARPOBADO'),
(158,'','TILMI 300 mg/ml Soln. Inyectable 100 ml','ARPOBADO'),
(159,'','PRANTEL PLUS Perros Grandes C/20 TABLETA','ARPOBADO'),
(160,'','ECTOSIN LA 31.5mg/ml fco. c/500ml','ARPOBADO'),
(161,'','PENBALEX AQUA SUSP INY. 250ML','ARPOBADO'),
(162,'','STOP  ON 10 X 60 ML VET','ARPOBADO'),
(163,'','VODEXATÇ?¶ÿ FCO AMP 50ML VET','ARPOBADO'),
(164,'','PRANTEL  PUPPY  Susp.  Oral  150ml.','ARPOBADO'),
(165,'','PISALIV  VET Fco. 15 ml. Sol. Oftalmica','ARPOBADO'),
(166,'','IRONHORSE SI 20mg/ml Caja C/10 Fcos 20ml','ARPOBADO'),
(167,'','PROTECTYL 40% PREMEZCLA 10Kg','ARPOBADO'),
(168,'','COCCIMAX 12% premezcla 25Kg','ARPOBADO'),
(169,'','DARBAZIN PASTA ORAL JGA C/32.4G VET','ARPOBADO'),
(170,'','EQUIPRAZOL PASTA ORAL 6.15g c/7Jering','ARPOBADO'),
(171,'','ECTOSIN EQUUS PLUS JERINGA 6.42g','ARPOBADO'),
(172,'','ECTOSIN EQUUS SIMPLE JERINGA 25ML','ARPOBADO'),
(173,'','COMPLENAY MO SOL INY FCO C/100ml VET','ARPOBADO'),
(174,'','COMPLENAY MO SOL INY FCO C/500ml VET','ARPOBADO'),
(175,'','PRANTEL PLUS C/20 TABLETAS','ARPOBADO'),
(176,'','AMX 60% PREMIX SACO C/25KG','ARPOBADO'),
(177,'','AMINO-LITE 34X iny.250MLplast.BOEHRINGER','ARPOBADO'),
(178,'','AGUA ESTERIL PISA 3 Lt VET','ARPOBADO'),
(179,'','TH4 SoluciÇŸ¶ün 1 Litro','ARPOBADO'),
(180,'','TH4 SoluciÇŸ¶ün 5 Litros','ARPOBADO'),
(181,'','TH4+ ENV. PLASTICO 10 Lt','ARPOBADO'),
(182,'','TH4+ ENV. PLASTICO 25 Lt','ARPOBADO'),
(183,'','TH4+ ENV. PLASTICO 60 Lt','ARPOBADO'),
(184,'','CLOXAPRAM 20 mg/ml FCO C/20 ml VET','ARPOBADO'),
(185,'','DOCARPINA 25mg FCO C/60 TAB VET','ARPOBADO'),
(186,'','EVITEMP 13.5/15.2% POLVO CJA C/25 SOB','ARPOBADO'),
(187,'','PRAMOTIL VET 5MG/ML S.I FCO AMP 50ml','ARPOBADO'),
(188,'','SOFLORAN   VET.  Fco.  Con  100ml.','ARPOBADO'),
(189,'','ANTIVON VET TAB 4 MG CJA C/10','ARPOBADO'),
(190,'','CLINDAPIS TABLETAS 150MG CJA C/20 VET','ARPOBADO'),
(191,'','RELAZEPAM VET 5mg/ml SOL INY FCO AMP10ml','ARPOBADO'),
(192,'','PISADOL 20 SOL INY FCO AMP C/20ml VET','ARPOBADO'),
(193,'','PISADOL 50 SOL INY FCO AMP C/50ml VET','ARPOBADO'),
(194,'','PISADOL 100mg SOL ORAL FCO GOT 10ml VET','ARPOBADO'),
(195,'','FIST GEL 0.05% GEL CUCARAC JGA C/30 gr','ARPOBADO'),
(196,'','TOTENFLI 1% CEBO EXH C/50 SOB 20gr C/U','ARPOBADO'),
(197,'','TOTENFLI 1% CEBO MOSQ TARRO 1 kg','ARPOBADO'),
(198,'','TOTENFLI 1% CEBO MOSQ TARRO 2 kg','ARPOBADO'),
(199,'','SINATAQ 40 PVO HUM EX C/25 SOB 10gr','ARPOBADO'),
(200,'','SINATAQ 40 PVO HUM TARRO C/250 gr','ARPOBADO'),
(201,'','CAREBUMINA 25% PREMEZCLA SACO C/25 kg','ARPOBADO'),
(202,'','FLOXACINE 100 mg S.I. FCO C/100 ml','ARPOBADO'),
(203,'','DOCARPINA 50 mg  FCO C/60 TAB VET','ARPOBADO'),
(204,'','DOCARPINA 100 mg FCO C/60 TAB VET','ARPOBADO'),
(205,'','SOLDRIN CLEAN OTIC 1.5%/.1% FCO C/120ml','ARPOBADO'),
(206,'','MELOCAXYL 1.5MG/ML SUS ORAL FCO C/10 ML','ARPOBADO'),
(207,'','MELOCAXYL 1.5mg/ml SUS ORAL FCO C/32 ml','ARPOBADO'),
(208,'','NFL MAX C/EXPEC PREMEZCLA 25Kg','ARPOBADO'),
(209,'','ESPIRANIDE CJA C/10 TAB','ARPOBADO'),
(210,'','AMINO-LITE 34X iny250MLVIDRIO BOEHRINGER','ARPOBADO'),
(211,'','TM POLVO SOL F/ANIMAL 25X200G (ZOETIS)Ç?¶ÿ','ARPOBADO'),
(212,'','TM POLVO SOL F/ANIMAL 20X50G (ZOETIS)Ç?¶ÿ Ç?¶ÿ','ARPOBADO'),
(213,'','TM POL SOL F/ANIMAL 25KG(5X5KG) (ZOETIS)','ARPOBADO'),
(214,'','TM POLVO SOL C/HIAMINA 20X50G (ZOETIS)Ç?¶ÿ','ARPOBADO'),
(215,'','','ARPOBADO'),
(216,'','PETSHINE SPA BARRA JABON C/100g','ARPOBADO'),
(217,'','MAMISAN UNGÇŸ?ENTO 100G (ZOETIS)Ç?¶ÿ','ARPOBADO'),
(218,'','MAMISAN UNGÇŸ?ENTO 200G (ZOETIS)Ç?¶ÿ','ARPOBADO'),
(219,'','ZIROLARV PVO SOL 52.5% TARRO C/250 GR','ARPOBADO'),
(220,'','SOLUCION HT PISA 1000ml EXP COLOMBIA VET','ARPOBADO'),
(221,'','SOLUCION CS PISA 1000ml EXP COLOMBIA VET','ARPOBADO'),
(222,'','SOLUCION DX-50 PISA 500ml EXP COLOMB VET','ARPOBADO'),
(223,'','FLUFLOR XPECTRO S.I. 450MG/ML FCO 250ML','ARPOBADO'),
(224,'','CLINDAPIS SOL ORAL FCO C/20 ml VET','ARPOBADO'),
(225,'','NF-180 NFL 2% 10KG POLVO ORAL EXP CR VET','ARPOBADO'),
(226,'','NAPZIN SOL INY FCO 10 ml EXP CR VET','ARPOBADO'),
(227,'','NAPZIN SOL INY FCO 50 ML EXP CR VET','ARPOBADO'),
(228,'','NAPZIN  SOL INY FCO 100 ML EXP  VET','ARPOBADO'),
(229,'','ALNEX Sol. Iny. 250 ml VET NUPLEN','ARPOBADO'),
(230,'','3 SULFAS Solucion Iny. 500 ml NUPLEN','ARPOBADO'),
(231,'','NAPZIN 50mg/ml 250ml NUPLEN','ARPOBADO'),
(232,'','SOL DX-50 Plas 500ml VET NUPLEN','ARPOBADO'),
(233,'','BEPLENOVAX S.I. FCO C/1000 ml VET NUPLEN','ARPOBADO'),
(234,'','BASETYL 200 SOL INY. 20% 250ml NUPLEN','ARPOBADO'),
(235,'','SEBACICLINA 50 SOL.INY. 500 ML NUPLEN','ARPOBADO'),
(236,'','\"CALCIOSOL FORTE','ARPOBADO'),
(237,'','\"ELECTRODEX BECERROS','ARPOBADO'),
(238,'','ACTYNOXEL RTU SUSP INY 250ml NUPLEN','ARPOBADO'),
(239,'','PIROFLOX 10% SOL INY 250ml NUPLEN','ARPOBADO'),
(240,'','HENEXAL VET 50mg/ml 10ml fco NUPLEN','ARPOBADO'),
(241,'','SOLUCION CS 7.5% S.I 1000mlVET NUPLEN','ARPOBADO'),
(242,'','SOL CS FLEX SI 1000ml VET NUPLEN','ARPOBADO'),
(243,'','GENTAERBA Solucion Iny. 100ml NUPLEN','ARPOBADO'),
(244,'','FLEBOTEK S/AGUJA VETERINARIO NUPLEN','ARPOBADO'),
(245,'','GENTAERBA Solucion Iny. 100ml PE.','ARPOBADO'),
(246,'','BEPLENOVAX iny.fco.1000 ml VET PE.','ARPOBADO'),
(247,'','CALCIOSOL CON FIJ. c/150 comp. PE.','ARPOBADO'),
(248,'','HENEXAL VET 50mg/ml 10ml fco PE.','ARPOBADO'),
(249,'','SOL CS Iny FLEXOVAL 500ml(Vet) PE.','ARPOBADO'),
(250,'','SOL CS 0.9% FCO. PLAST 250ML. VET. PE.','ARPOBADO'),
(251,'','SOL HARTMANN FCO. PLAST 250ML. VET. PE.','ARPOBADO'),
(252,'','FLEBOTEK CON ESPIRAL veterinario PE.','ARPOBADO'),
(253,'','FLEBOTEK s/aguja Veterinario PE.','ARPOBADO'),
(254,'','SOL CS FLEX S.Iny 1000ml VET PE.','ARPOBADO'),
(255,'','PISTOLA PARA IMPLANTES MEGACLOX','ARPOBADO'),
(256,'','DONEXENT 100mg CAJA C/100 TAB VET','ARPOBADO'),
(257,'','TOPAZONE NF AEROSOL 400 ML PROAN','ARPOBADO'),
(258,'','FERRITON 200 100ml C/12 fcos EXP CR VET','ARPOBADO'),
(259,'','NFL MAX C/EXPEC PREMEZCLA 5Kg EXP CR VET','ARPOBADO'),
(260,'','VALBAZEN 2.5% SUSP FCO 250ML (ZOETIS)','ARPOBADO'),
(261,'','VALBAZEN 2.5% SUSP FRASCO 1L (ZOETIS)','ARPOBADO'),
(262,'','RACMINA PREMIX 2% EXP COL','ARPOBADO'),
(263,'','MASSPERFORMANCE.EQU S.ORAL fco 3.785Lc/4','ARPOBADO'),
(264,'','MASSPERFORMANCE.YEG S.ORAL fco 3.785Lc/4','ARPOBADO'),
(265,'','MASSPERFORMANCE.MIN S.ORAL fco 3.785Lc/4','ARPOBADO'),
(266,'','NFL MAX CON EXPECTORANTE 25KG EXP GUA','ARPOBADO'),
(267,'','ACTYNOXEL RTU SUSP INY 250ml EXP GUA VET','ARPOBADO'),
(268,'','COCCITRAK 5% SUSPENSION 250ML EXP GUA','ARPOBADO'),
(269,'','AMX 60% PREMIX SACO C/25KG EXP COL','ARPOBADO'),
(270,'','AMINO-LITE 500ML INY. VIDRIO BOEHRINGER','ARPOBADO'),
(271,'','NFL MAX PREMEZCLA 25Kg','ARPOBADO'),
(272,'','ZIPAMIX 4.8% PRE ORAL SACO/5KG','ARPOBADO'),
(273,'','REBAJAS Y DESC. S/VENTAS NAC.','ARPOBADO'),
(274,'','REBAJAS Y DESC.S/VENTAS NAC. SIN IVA','ARPOBADO'),
(275,'','SERVICIO DE MAQUILAS','ARPOBADO'),
(276,'','DESCUENTO POR PRONTO PAGO SIN IVA','ARPOBADO'),
(277,'','DESCUENTOS PRONTO PAGO COBRANZA','ARPOBADO'),
(1,'','SOL CS INY.FLEXOVAL 1000ML','ARPOBADO'),
(2,'','ELECTROLIT FRESA ORAL 625ML PLAS','ARPOBADO'),
(3,'','ELECTROLIT COCO ORAL 625ML PLA','ARPOBADO'),
(4,'','AGUA ESTERIL SOL P/IRRI 500ML FCO.PLASTI','ARPOBADO'),
(5,'','AGUA INY 5ML C/100 AMP. PLAS','ARPOBADO'),
(6,'','SOL  CS INY 100ML MINIOVAL','ARPOBADO'),
(7,'','ENDOZIME AW PLUS GALON 4000 ML','ARPOBADO'),
(8,'','ACTYNOCEF 4g. C/12 fcos.','ARPOBADO'),
(9,'','AMINOFOSCAL VIT. 500','ARPOBADO'),
(10,'','COMPLENAY B-12 ELIXIR 100 ml C/ 25 Frasc','ARPOBADO'),
(11,'','GENTALEX FUERTE 250 ML.','ARPOBADO'),
(12,'','MASTILIBER 10ml Cubeta C/30 Jeringas','ARPOBADO'),
(13,'','PENBACORT SUSPENSION 100 mlx12','ARPOBADO'),
(14,'','PENBACORT 4\'000\'000 U.I.','ARPOBADO'),
(15,'','SEBA ADE 100 ml.','ARPOBADO'),
(15,'','SEBA ADE 100 ml.','ARPOBADO'),
(17,'','SEBA ADE 500 ml.','ARPOBADO'),
(18,'','STOP ON 250ml C/12fcos.','ARPOBADO'),
(19,'','CAROSEN 50g. C/20 sob.','ARPOBADO'),
(20,'','FERRITON 200 100ml C/12 fcos.','ARPOBADO'),
(21,'','FURACINE pomada 85g.g','ARPOBADO'),
(22,'','FURACINE pomada 453g','ARPOBADO'),
(23,'','COMPLENAY B-12 ELIX. 3.5 LT','ARPOBADO'),
(24,'','GENTALEX FTE 100 100ml C/12FCO','ARPOBADO'),
(25,'','GENTAMAST 10ml Cubeta C/30 Jeringas','ARPOBADO'),
(26,'','COMPLENAY B-12 POLVO 2KG','ARPOBADO'),
(27,'','CAROSEN C POLVO SOL 200g C/25','ARPOBADO'),
(28,'','ACTYNOXEL RTU SUSP INY 100ml','ARPOBADO'),
(29,'','ECTOSIN MP SOL INY 1% 500ml','ARPOBADO'),
(30,'','ECTOSIN MP SOL INY 1% 1000ml','ARPOBADO'),
(31,'','ACTYNOXEL RTU SUSP INY 250ml','ARPOBADO'),
(32,'','PIROFLOX 10% SOL INY 250ml','ARPOBADO'),
(33,'','PIROFLOX SOL. ORAL 20% 1L','ARPOBADO'),
(34,'','PIROFLOX SOL. ORAL 20% 5L','ARPOBADO'),
(35,'','SEBENDAZOL 4% POLVO ORAL 25KG','ARPOBADO'),
(36,'','SOLUCION CS 7.5% S.I 1000mlVET','ARPOBADO'),
(37,'','SOLUCION HT PISA 2.5Lt Bsa.VET','ARPOBADO'),
(38,'','SOL.HT BOLSA 5 Lt SOL.INY. VET','ARPOBADO'),
(39,'','SOL. Cs PLASCO 500 ml','ARPOBADO'),
(40,'','SOL. Cs PLASCO 1000 ml','ARPOBADO'),
(41,'','SOL. Dx5% PLASCO 500 ml','ARPOBADO'),
(42,'','SOL. Dx5% PLASCO 1000 ml','ARPOBADO'),
(43,'','SOL HT FLEXO VAL 500 ML VET','ARPOBADO'),
(44,'','SOL. HT PLASCO 1000 mlL','ARPOBADO'),
(45,'','SOL DX-50 Plas 500ml VET','ARPOBADO'),
(46,'','AGUA ESTERIL 1000ml VET PISA','ARPOBADO'),
(47,'','ANESKET VET. 1000 mg/10 ml','ARPOBADO'),
(48,'','GENTAERBA Pvo. 10g. sobre c/20','ARPOBADO'),
(49,'','GENTAERBA 100 ml VET','ARPOBADO'),
(50,'','3 SULFAS Solucion Iny. 100 ml','ARPOBADO'),
(51,'','3 SULFAS Solucion Iny. 250 ml','ARPOBADO'),
(52,'','3 SULFAS Solucion Iny. 500 ml','ARPOBADO'),
(53,'','PIROFLOX 5% Inyectable 250ml','ARPOBADO'),
(54,'','PIROFLOX 5% S.Iny. 50ml VET','ARPOBADO'),
(55,'','SEBACICLINA 50 SOL.INY. 500 ML','ARPOBADO'),
(56,'','OXITOPISA 20UI sol.iny.fco.amp.50ml(Vet)','ARPOBADO'),
(57,'','OXITOPISA 20UI sol.iny.fco.amp.100ml(Vet','ARPOBADO'),
(58,'','FENPIZOL GRAN 22% 10.23gC/50','ARPOBADO'),
(59,'','FENPIZOL pvo4%sob.12.5gc/50','ARPOBADO'),
(60,'','CALCIOSOL C/150 COMP. VET','ARPOBADO'),
(61,'','CALCIOSOL CON FIJ.Y DEXT.500ml','ARPOBADO'),
(62,'','ALNEX Sol. Iny. 250 ml VET','ARPOBADO'),
(63,'','ALNEX Sol. Iny. 100ml VET','ARPOBADO'),
(64,'','HENEXAL VET. 10 ml. Iny.','ARPOBADO'),
(65,'','FLEBOTEK VETERINARIO','ARPOBADO'),
(66,'','FLEBOTEK CON ESPIRAL veterinario','ARPOBADO'),
(67,'','FLEBOTEK  NORMOGOTERO VET','ARPOBADO'),
(68,'','PISA MIX PLUS POLVO 10g/2g 5K','ARPOBADO'),
(69,'','NAPZIN Sol Iny. 50ml','ARPOBADO'),
(70,'','NAPZIN SOL INY 100ML VET','ARPOBADO'),
(71,'','PROCIN  SOL. INY. 25 ML VET','ARPOBADO'),
(72,'','NAPZIN 50mg/ml 250ml','ARPOBADO'),
(73,'','ENERCOL 0.018g/30ml Sol.InyVET','ARPOBADO'),
(74,'','NAPZIN SOL INY FCO 10 ML','ARPOBADO'),
(75,'','ECTOSIN 0.6% PREMIX 5KG PREMEZ','ARPOBADO'),
(76,'','PROCIN EQUUS SOL INY 50ml','ARPOBADO'),
(77,'','OXITOPISA 20UI S.I. 250ml VET','ARPOBADO'),
(78,'','PENBALEX LA Susp.Iny.250ml','ARPOBADO'),
(79,'','PENBALEX LA Susp.Iny. 100ml','ARPOBADO'),
(80,'','TOPAZONE AEROSOL PVL  250CC VET','ARPOBADO'),
(81,'','SEBACICLINA MF SOL INY 100 ml','ARPOBADO'),
(82,'','ELECTRODEX Pvo.p/Sol.Oral C/10kg','ARPOBADO'),
(83,'','BASETYL 200 SOL INY. 20% 250ml','ARPOBADO'),
(84,'','AMX LA SUSP INY 100 ML.','ARPOBADO'),
(85,'','NFL MAX PREMEZCLA 5Kg','ARPOBADO'),
(86,'','NFL MAX C/EXPEC PREMEZCLA 5Kg','ARPOBADO'),
(87,'','CALCIOSOL FORTE Iny. 100 ML','ARPOBADO'),
(88,'','CRIVOSIN VET  1MG  10 ML','ARPOBADO'),
(89,'','MAXIFOLIPOL 4% PREMEZCLA 25KG VET.','ARPOBADO'),
(90,'','CAREBUMINA 25%PREMEZCLA 4KG','ARPOBADO'),
(91,'','LINCOMINE 44 Premezcla 25Kg','ARPOBADO'),
(92,'','ECTOSIN  SoluciÇŸ¶ün oral 1L','ARPOBADO'),
(93,'','PENDIBEN COMPUESTO 50 MUI VET','ARPOBADO'),
(94,'','FOSFODICA  SOL.ORAL 1L VET','ARPOBADO'),
(95,'','FOSFODICA SOL. ORAL 20L VET','ARPOBADO'),
(96,'','NF 180 NFL SoluciÇŸ¶ün oral 2L','ARPOBADO'),
(97,'','NEUMOENTER PLUS Premezcla 6Kg','ARPOBADO'),
(98,'','AMX 50% POLVO SOLUBLE 500g  VET','ARPOBADO'),
(99,'','ELECTRODEX 180MG  C/5 SOBRES VET','ARPOBADO'),
(100,'','\"NOVOX Manufacturado','ARPOBADO'),
(101,'','PRANTEL PUPPY SUSP ORAL 20 ML VET','ARPOBADO'),
(102,'','PIROFLOX PLUS SOL. INY. 250ML','ARPOBADO'),
(103,'','COCCITRAK 2.5 ( SOL 1 LT)VET','ARPOBADO'),
(104,'','\"COCCITRAK 5.0%','ARPOBADO'),
(105,'','PIROFLOX PLUS 10% SOL ORAL 5L','ARPOBADO'),
(106,'','PISACAINA 2% C/EPINEFRINA VET 50ml.','ARPOBADO'),
(107,'','PISACAINA 2% VET 50ml.','ARPOBADO'),
(108,'','OTROZOL 500 VET Flexoval 100ml','ARPOBADO'),
(109,'','BEPLENOVAX VET 1000 ml','ARPOBADO'),
(110,'','\"DIAMAL ROD','ARPOBADO'),
(111,'','\"DIAMAL ROD','ARPOBADO'),
(112,'','PENTASTAR Shampoo pulgicida (250ml)','ARPOBADO'),
(113,'','PENTASTAR JabÇŸ¶ün pulgicida (Barra 80g)','ARPOBADO'),
(114,'','FUREAL N.F. (Urea 13.4 g) caja /50 bolos','ARPOBADO'),
(115,'','NF-180 N.F. (Norfloxacina 40mg) C/600Tab','ARPOBADO'),
(116,'','FURACINE NF SOL. TOPICA 3.5 L','ARPOBADO'),
(117,'','FURACINE NF SOL. TOPICA 500 ML','ARPOBADO'),
(118,'','TOPAZONE NF AEROSOL 400 ML','ARPOBADO'),
(119,'','VALSYN NF POLVO SOLUBLE CUBETA C/10KG','ARPOBADO'),
(120,'','VALSYN NF POLVO SOLUBLE 5G C/100 SOBRES','ARPOBADO'),
(121,'','FURACINE NF POMADA 453G','ARPOBADO'),
(122,'','FURACINE NF POMADA 85G','ARPOBADO'),
(123,'','CLOVIREL PREMEZ.SACO25KgVET','ARPOBADO'),
(124,'','\"COCCILIBER 40% PREMEZCLA','ARPOBADO'),
(125,'','PROCINA Sol.Iny. 50ml','ARPOBADO'),
(126,'','NF-180 ST (P/TERNEROS REFORM.)C/200Bolos','ARPOBADO'),
(127,'','BASETYL MAX S.I. FRASCO 100ML VET','ARPOBADO'),
(128,'','BASETYL MAX S.I. FRASCO 250ML VET','ARPOBADO'),
(129,'','PISABENTAL 6.3% SOL.INY. 100ML','ARPOBADO'),
(130,'','RACMINA PREMIX (Ract.HCl 2%)Prem.C/10Kg','ARPOBADO'),
(131,'','','ARPOBADO'),
(132,'','ZIPAMIX 4.8% PREMEZCLA ORAL SACO/10KG','ARPOBADO'),
(133,'','RACMINA PREMIX 10% Premez.Oral C/10Kg','ARPOBADO'),
(134,'','\"NEUMOENTER PREMIX 20%','ARPOBADO'),
(135,'','PISACOX 12% PREMEZCLA SACO 25 KG','ARPOBADO'),
(136,'','PET SHINE  SHAMPOO SOLIDO  100GR VET','ARPOBADO'),
(137,'','PISAFLAM 50MG/ML SOL.INY. FCO.100ML','ARPOBADO'),
(138,'','MEGACLOX FG+ 140/20mg C/20 IMP','ARPOBADO'),
(139,'','MEGACLOX CR200 200/20mg C/20 IMP','ARPOBADO'),
(140,'','MEGACLOX BG6 40/8mg C/10 IMP','ARPOBADO'),
(141,'','SINATAQ 1L','ARPOBADO'),
(142,'','SINATAQ 100ML','ARPOBADO'),
(143,'','AMOXICLAV VET 875/125mg C/14 TAB VET','ARPOBADO'),
(144,'','AMOXICLAV   VET  POLVO P / SUSP  ORAL Fr','ARPOBADO'),
(145,'','GENTALEX  FUERTE SOL.INY. 5% FCO. 100ml','ARPOBADO'),
(146,'','SOL. HT FCO. PLAST 250 ml. VET.','ARPOBADO'),
(147,'','SOL. CS. 0.9% FCO. PLAST 250 ml. VET','ARPOBADO'),
(148,'','RANULIN  VET    Caja c/30  Tabletas','ARPOBADO'),
(149,'','RANULIN  VET  INYECTABLE  Fco.  50 ml.','ARPOBADO'),
(150,'','PIROFLOX TABLETAS 50 Mg. CAJA C/30 Tab.','ARPOBADO'),
(151,'','4006306','ARPOBADO'),
(152,'','VITABECID Sol.Iny.100ml','ARPOBADO'),
(153,'','HORPROGES S.I 50mg/ml fco 10ml','ARPOBADO'),
(154,'','INDUPAR Sol.Iny 0.075mg/ml Fco.20ml','ARPOBADO'),
(155,'','RELINA500 fco. 50ml Sol.Iny 500mcg/5ml','ARPOBADO'),
(156,'','DIAMAL BLQ BROMADIOLONA 0.005% CBT5KG','ARPOBADO'),
(157,'','LARVOPEC 10mg/ml Sol Iny 500 ml','ARPOBADO'),
(158,'','TILMI 300 mg/ml Soln. Inyectable 100 ml','ARPOBADO'),
(159,'','PRANTEL PLUS Perros Grandes C/20 TABLETA','ARPOBADO'),
(160,'','ECTOSIN LA 31.5mg/ml fco. c/500ml','ARPOBADO'),
(161,'','PENBALEX AQUA SUSP INY. 250ML','ARPOBADO'),
(162,'','STOP  ON 10 X 60 ML VET','ARPOBADO'),
(163,'','VODEXATÇ?¶ÿ FCO AMP 50ML VET','ARPOBADO'),
(164,'','PRANTEL  PUPPY  Susp.  Oral  150ml.','ARPOBADO'),
(165,'','PISALIV  VET Fco. 15 ml. Sol. Oftalmica','ARPOBADO'),
(166,'','IRONHORSE SI 20mg/ml Caja C/10 Fcos 20ml','ARPOBADO'),
(167,'','PROTECTYL 40% PREMEZCLA 10Kg','ARPOBADO'),
(168,'','COCCIMAX 12% premezcla 25Kg','ARPOBADO'),
(169,'','DARBAZIN PASTA ORAL JGA C/32.4G VET','ARPOBADO'),
(170,'','EQUIPRAZOL PASTA ORAL 6.15g c/7Jering','ARPOBADO'),
(171,'','ECTOSIN EQUUS PLUS JERINGA 6.42g','ARPOBADO'),
(172,'','ECTOSIN EQUUS SIMPLE JERINGA 25ML','ARPOBADO'),
(173,'','COMPLENAY MO SOL INY FCO C/100ml VET','ARPOBADO'),
(174,'','COMPLENAY MO SOL INY FCO C/500ml VET','ARPOBADO'),
(175,'','PRANTEL PLUS C/20 TABLETAS','ARPOBADO'),
(176,'','AMX 60% PREMIX SACO C/25KG','ARPOBADO'),
(177,'','AMINO-LITE 34X iny.250MLplast.BOEHRINGER','ARPOBADO'),
(178,'','AGUA ESTERIL PISA 3 Lt VET','ARPOBADO'),
(179,'','TH4 SoluciÇŸ¶ün 1 Litro','ARPOBADO'),
(180,'','TH4 SoluciÇŸ¶ün 5 Litros','ARPOBADO'),
(181,'','TH4+ ENV. PLASTICO 10 Lt','ARPOBADO'),
(182,'','TH4+ ENV. PLASTICO 25 Lt','ARPOBADO'),
(183,'','TH4+ ENV. PLASTICO 60 Lt','ARPOBADO'),
(184,'','CLOXAPRAM 20 mg/ml FCO C/20 ml VET','ARPOBADO'),
(185,'','DOCARPINA 25mg FCO C/60 TAB VET','ARPOBADO'),
(186,'','EVITEMP 13.5/15.2% POLVO CJA C/25 SOB','ARPOBADO'),
(187,'','PRAMOTIL VET 5MG/ML S.I FCO AMP 50ml','ARPOBADO'),
(188,'','SOFLORAN   VET.  Fco.  Con  100ml.','ARPOBADO'),
(189,'','ANTIVON VET TAB 4 MG CJA C/10','ARPOBADO'),
(190,'','CLINDAPIS TABLETAS 150MG CJA C/20 VET','ARPOBADO'),
(191,'','RELAZEPAM VET 5mg/ml SOL INY FCO AMP10ml','ARPOBADO'),
(192,'','PISADOL 20 SOL INY FCO AMP C/20ml VET','ARPOBADO'),
(193,'','PISADOL 50 SOL INY FCO AMP C/50ml VET','ARPOBADO'),
(194,'','PISADOL 100mg SOL ORAL FCO GOT 10ml VET','ARPOBADO'),
(195,'','FIST GEL 0.05% GEL CUCARAC JGA C/30 gr','ARPOBADO'),
(196,'','TOTENFLI 1% CEBO EXH C/50 SOB 20gr C/U','ARPOBADO'),
(197,'','TOTENFLI 1% CEBO MOSQ TARRO 1 kg','ARPOBADO'),
(198,'','TOTENFLI 1% CEBO MOSQ TARRO 2 kg','ARPOBADO'),
(199,'','SINATAQ 40 PVO HUM EX C/25 SOB 10gr','ARPOBADO'),
(200,'','SINATAQ 40 PVO HUM TARRO C/250 gr','ARPOBADO'),
(201,'','CAREBUMINA 25% PREMEZCLA SACO C/25 kg','ARPOBADO'),
(202,'','FLOXACINE 100 mg S.I. FCO C/100 ml','ARPOBADO'),
(203,'','DOCARPINA 50 mg  FCO C/60 TAB VET','ARPOBADO'),
(204,'','DOCARPINA 100 mg FCO C/60 TAB VET','ARPOBADO'),
(205,'','SOLDRIN CLEAN OTIC 1.5%/.1% FCO C/120ml','ARPOBADO'),
(206,'','MELOCAXYL 1.5MG/ML SUS ORAL FCO C/10 ML','ARPOBADO'),
(207,'','MELOCAXYL 1.5mg/ml SUS ORAL FCO C/32 ml','ARPOBADO'),
(208,'','NFL MAX C/EXPEC PREMEZCLA 25Kg','ARPOBADO'),
(209,'','ESPIRANIDE CJA C/10 TAB','ARPOBADO'),
(210,'','AMINO-LITE 34X iny250MLVIDRIO BOEHRINGER','ARPOBADO'),
(211,'','TM POLVO SOL F/ANIMAL 25X200G (ZOETIS)Ç?¶ÿ','ARPOBADO'),
(212,'','TM POLVO SOL F/ANIMAL 20X50G (ZOETIS)Ç?¶ÿ Ç?¶ÿ','ARPOBADO'),
(213,'','TM POL SOL F/ANIMAL 25KG(5X5KG) (ZOETIS)','ARPOBADO'),
(214,'','TM POLVO SOL C/HIAMINA 20X50G (ZOETIS)Ç?¶ÿ','ARPOBADO'),
(215,'','','ARPOBADO'),
(216,'','PETSHINE SPA BARRA JABON C/100g','ARPOBADO'),
(217,'','MAMISAN UNGÇŸ?ENTO 100G (ZOETIS)Ç?¶ÿ','ARPOBADO'),
(218,'','MAMISAN UNGÇŸ?ENTO 200G (ZOETIS)Ç?¶ÿ','ARPOBADO'),
(219,'','ZIROLARV PVO SOL 52.5% TARRO C/250 GR','ARPOBADO'),
(220,'','SOLUCION HT PISA 1000ml EXP COLOMBIA VET','ARPOBADO'),
(221,'','SOLUCION CS PISA 1000ml EXP COLOMBIA VET','ARPOBADO'),
(222,'','SOLUCION DX-50 PISA 500ml EXP COLOMB VET','ARPOBADO'),
(223,'','FLUFLOR XPECTRO S.I. 450MG/ML FCO 250ML','ARPOBADO'),
(224,'','CLINDAPIS SOL ORAL FCO C/20 ml VET','ARPOBADO'),
(225,'','NF-180 NFL 2% 10KG POLVO ORAL EXP CR VET','ARPOBADO'),
(226,'','NAPZIN SOL INY FCO 10 ml EXP CR VET','ARPOBADO'),
(227,'','NAPZIN SOL INY FCO 50 ML EXP CR VET','ARPOBADO'),
(228,'','NAPZIN  SOL INY FCO 100 ML EXP  VET','ARPOBADO'),
(229,'','ALNEX Sol. Iny. 250 ml VET NUPLEN','ARPOBADO'),
(230,'','3 SULFAS Solucion Iny. 500 ml NUPLEN','ARPOBADO'),
(231,'','NAPZIN 50mg/ml 250ml NUPLEN','ARPOBADO'),
(232,'','SOL DX-50 Plas 500ml VET NUPLEN','ARPOBADO'),
(233,'','BEPLENOVAX S.I. FCO C/1000 ml VET NUPLEN','ARPOBADO'),
(234,'','BASETYL 200 SOL INY. 20% 250ml NUPLEN','ARPOBADO'),
(235,'','SEBACICLINA 50 SOL.INY. 500 ML NUPLEN','ARPOBADO'),
(236,'','\"CALCIOSOL FORTE','ARPOBADO'),
(237,'','\"ELECTRODEX BECERROS','ARPOBADO'),
(238,'','ACTYNOXEL RTU SUSP INY 250ml NUPLEN','ARPOBADO'),
(239,'','PIROFLOX 10% SOL INY 250ml NUPLEN','ARPOBADO'),
(240,'','HENEXAL VET 50mg/ml 10ml fco NUPLEN','ARPOBADO'),
(241,'','SOLUCION CS 7.5% S.I 1000mlVET NUPLEN','ARPOBADO'),
(242,'','SOL CS FLEX SI 1000ml VET NUPLEN','ARPOBADO'),
(243,'','GENTAERBA Solucion Iny. 100ml NUPLEN','ARPOBADO'),
(244,'','FLEBOTEK S/AGUJA VETERINARIO NUPLEN','ARPOBADO'),
(245,'','GENTAERBA Solucion Iny. 100ml PE.','ARPOBADO'),
(246,'','BEPLENOVAX iny.fco.1000 ml VET PE.','ARPOBADO'),
(247,'','CALCIOSOL CON FIJ. c/150 comp. PE.','ARPOBADO'),
(248,'','HENEXAL VET 50mg/ml 10ml fco PE.','ARPOBADO'),
(249,'','SOL CS Iny FLEXOVAL 500ml(Vet) PE.','ARPOBADO'),
(250,'','SOL CS 0.9% FCO. PLAST 250ML. VET. PE.','ARPOBADO'),
(251,'','SOL HARTMANN FCO. PLAST 250ML. VET. PE.','ARPOBADO'),
(252,'','FLEBOTEK CON ESPIRAL veterinario PE.','ARPOBADO'),
(253,'','FLEBOTEK s/aguja Veterinario PE.','ARPOBADO'),
(254,'','SOL CS FLEX S.Iny 1000ml VET PE.','ARPOBADO'),
(255,'','PISTOLA PARA IMPLANTES MEGACLOX','ARPOBADO'),
(256,'','DONEXENT 100mg CAJA C/100 TAB VET','ARPOBADO'),
(257,'','TOPAZONE NF AEROSOL 400 ML PROAN','ARPOBADO'),
(258,'','FERRITON 200 100ml C/12 fcos EXP CR VET','ARPOBADO'),
(259,'','NFL MAX C/EXPEC PREMEZCLA 5Kg EXP CR VET','ARPOBADO'),
(260,'','VALBAZEN 2.5% SUSP FCO 250ML (ZOETIS)','ARPOBADO'),
(261,'','VALBAZEN 2.5% SUSP FRASCO 1L (ZOETIS)','ARPOBADO'),
(262,'','RACMINA PREMIX 2% EXP COL','ARPOBADO'),
(263,'','MASSPERFORMANCE.EQU S.ORAL fco 3.785Lc/4','ARPOBADO'),
(264,'','MASSPERFORMANCE.YEG S.ORAL fco 3.785Lc/4','ARPOBADO'),
(265,'','MASSPERFORMANCE.MIN S.ORAL fco 3.785Lc/4','ARPOBADO'),
(266,'','NFL MAX CON EXPECTORANTE 25KG EXP GUA','ARPOBADO'),
(267,'','ACTYNOXEL RTU SUSP INY 250ml EXP GUA VET','ARPOBADO'),
(268,'','COCCITRAK 5% SUSPENSION 250ML EXP GUA','ARPOBADO'),
(269,'','AMX 60% PREMIX SACO C/25KG EXP COL','ARPOBADO'),
(270,'','AMINO-LITE 500ML INY. VIDRIO BOEHRINGER','ARPOBADO'),
(271,'','NFL MAX PREMEZCLA 25Kg','ARPOBADO'),
(272,'','ZIPAMIX 4.8% PRE ORAL SACO/5KG','ARPOBADO'),
(273,'','REBAJAS Y DESC. S/VENTAS NAC.','ARPOBADO'),
(274,'','REBAJAS Y DESC.S/VENTAS NAC. SIN IVA','ARPOBADO'),
(275,'','SERVICIO DE MAQUILAS','ARPOBADO'),
(276,'','DESCUENTO POR PRONTO PAGO SIN IVA','ARPOBADO'),
(277,'','DESCUENTOS PRONTO PAGO COBRANZA','ARPOBADO');

/*Table structure for table `rfc_user` */

DROP TABLE IF EXISTS `rfc_user`;

CREATE TABLE `rfc_user` (
  `id` int(11) NOT NULL AUTO_INCREMENT,
  `user_id` int(11) DEFAULT NULL,
  `rfc` varchar(13) COLLATE utf8_spanish_ci DEFAULT NULL,
  PRIMARY KEY (`id`)
) ENGINE=InnoDB AUTO_INCREMENT=7 DEFAULT CHARSET=utf8 COLLATE=utf8_spanish_ci;

/*Data for the table `rfc_user` */

insert  into `rfc_user`(`id`,`user_id`,`rfc`) values 
(1,1,'CEGY882503B50'),
(4,3,'CEGY882503B52'),
(5,3,'CEGY882503B53'),
(6,4,'CYGY552956G54');

/*Table structure for table `role_user` */

DROP TABLE IF EXISTS `role_user`;

CREATE TABLE `role_user` (
  `id` int(10) unsigned NOT NULL AUTO_INCREMENT,
  `role_id` int(10) unsigned NOT NULL,
  `user_id` int(10) unsigned NOT NULL,
  `created_at` timestamp NULL DEFAULT CURRENT_TIMESTAMP,
  `updated_at` timestamp NULL DEFAULT CURRENT_TIMESTAMP,
  PRIMARY KEY (`id`)
) ENGINE=InnoDB AUTO_INCREMENT=9 DEFAULT CHARSET=utf8mb4 COLLATE=utf8mb4_unicode_ci;

/*Data for the table `role_user` */

insert  into `role_user`(`id`,`role_id`,`user_id`,`created_at`,`updated_at`) values 
(2,1,12,'2018-06-05 17:56:14','2018-06-05 17:56:14'),
(7,2,13,'2018-06-11 09:47:52','2018-06-11 09:47:52'),
(8,2,14,'2018-06-11 09:51:58','2018-06-11 09:51:58');

/*Table structure for table `roles` */

DROP TABLE IF EXISTS `roles`;

CREATE TABLE `roles` (
  `id` int(10) unsigned NOT NULL AUTO_INCREMENT,
  `name` varchar(255) COLLATE utf8mb4_unicode_ci NOT NULL,
  `description` varchar(255) COLLATE utf8mb4_unicode_ci NOT NULL,
  `created_at` timestamp NULL DEFAULT CURRENT_TIMESTAMP,
  `updated_at` timestamp NULL DEFAULT CURRENT_TIMESTAMP,
  PRIMARY KEY (`id`)
) ENGINE=InnoDB AUTO_INCREMENT=3 DEFAULT CHARSET=utf8mb4 COLLATE=utf8mb4_unicode_ci;

/*Data for the table `roles` */

insert  into `roles`(`id`,`name`,`description`,`created_at`,`updated_at`) values 
(1,'admin','Administrator','2018-06-05 17:56:14','2018-06-05 17:56:14'),
(2,'user','User','2018-06-05 17:56:14','2018-06-05 17:56:14');

/*Table structure for table `users` */

DROP TABLE IF EXISTS `users`;

CREATE TABLE `users` (
  `id` int(10) unsigned NOT NULL AUTO_INCREMENT,
  `name` varchar(255) COLLATE utf8mb4_unicode_ci NOT NULL,
  `role_id` int(10) NOT NULL,
  `business_name` varchar(255) COLLATE utf8mb4_unicode_ci NOT NULL,
  `password` varchar(255) COLLATE utf8mb4_unicode_ci NOT NULL,
  `gender` enum('HOMBRE','MUJER') COLLATE utf8mb4_unicode_ci NOT NULL,
  `phone` varchar(255) COLLATE utf8mb4_unicode_ci NOT NULL,
  `burn_date` varchar(10) COLLATE utf8mb4_unicode_ci NOT NULL,
  `address` varchar(255) COLLATE utf8mb4_unicode_ci NOT NULL,
  `state` varchar(255) COLLATE utf8mb4_unicode_ci NOT NULL,
  `city` varchar(255) COLLATE utf8mb4_unicode_ci NOT NULL,
  `colonia` varchar(255) COLLATE utf8mb4_unicode_ci NOT NULL,
  `postal` int(5) NOT NULL,
  `email` varchar(255) COLLATE utf8mb4_unicode_ci NOT NULL,
  `business_type` enum('RANCHO','CLINICA','GRANJA') COLLATE utf8mb4_unicode_ci NOT NULL,
  `rfc` varchar(255) COLLATE utf8mb4_unicode_ci NOT NULL,
  `remember_token` varchar(100) COLLATE utf8mb4_unicode_ci DEFAULT NULL,
  `created_at` timestamp NULL DEFAULT CURRENT_TIMESTAMP,
  `updated_at` timestamp NULL DEFAULT CURRENT_TIMESTAMP,
  PRIMARY KEY (`id`)
) ENGINE=InnoDB AUTO_INCREMENT=5 DEFAULT CHARSET=utf8mb4 COLLATE=utf8mb4_unicode_ci;

/*Data for the table `users` */

insert  into `users`(`id`,`name`,`role_id`,`business_name`,`password`,`gender`,`phone`,`burn_date`,`address`,`state`,`city`,`colonia`,`postal`,`email`,`business_type`,`rfc`,`remember_token`,`created_at`,`updated_at`) values 
(1,'Christian Tostado C.',1,'Agronegocio','$2y$10$5pA5V4lbklNOvRux3izvV.S6ms59Es92NVDfn1l6zjlUByV8e7gES','MUJER','3325412633','15-02-1989','Conocido 20','Jalisco','Guadalajara','Centro',44520,'christian@example.com.mx','RANCHO','CEGY882503B50','dzBFrCA3grrjQ5Sp35826KALK04CK4qMzSrAOAJE3asBvCq8VWbKIqMI3X2D','2018-11-12 10:47:44','2018-11-12 10:47:44'),
(3,'Nathaly Cedeno',2,'Agronegocio','$2y$10$MEuOU523lxmEHKpEIdOQg.8zfN0evgJoAE5krtY4D8yG0HgpC8mXa','MUJER','3352488526','28-11-1992','Zaragoza 3001','JALISCO','GUADALAJARA','CENTRO',45610,'nathaly@example.com.mx','CLINICA','CEGY882503B52','9CPyCY8ir6YN1vewcm0HzCvN9rmwKDIbREiRRGeTikjekyiRHRrSH0opfrkI','2018-11-28 09:11:43','2018-11-28 09:11:43'),
(4,'Yadira',2,'SABE','$2y$10$mfEw1KFRs8PNoDB.th.2KeSJBe7XbQjX6/uE5KmcGeSMW8scE1UCC','MUJER','3352857452','04-12-1950','CONOCIDO 01','JALISCO','GUADALAJARA','CENTRO',45608,'prueba@example.com.mx','CLINICA','CYGY552956G54','f8PZkqq1a5Qq5Ik8B7uAIaEfx4Bbrc9MAeNWdFHAwCVJ7AI8y5k5yDbfxJmy','2018-12-04 17:48:41','2018-12-04 17:48:41');

/*Table structure for table `users1` */

DROP TABLE IF EXISTS `users1`;

CREATE TABLE `users1` (
  `id` int(11) NOT NULL AUTO_INCREMENT,
  `name` varchar(191) NOT NULL,
  `rfc` varchar(50) NOT NULL,
  `genero` varchar(191) NOT NULL,
  `fecha_nacimiento` varchar(191) NOT NULL,
  `celular` varchar(191) NOT NULL,
  `direccion` varchar(191) NOT NULL,
  `email` varchar(191) NOT NULL,
  `password` varchar(191) NOT NULL,
  `remember_token` varchar(100) DEFAULT NULL,
  `updated_at` datetime DEFAULT NULL,
  `created_at` datetime DEFAULT NULL,
  PRIMARY KEY (`id`),
  UNIQUE KEY `Índice 2` (`rfc`)
) ENGINE=InnoDB AUTO_INCREMENT=4 DEFAULT CHARSET=latin1;

/*Data for the table `users1` */

insert  into `users1`(`id`,`name`,`rfc`,`genero`,`fecha_nacimiento`,`celular`,`direccion`,`email`,`password`,`remember_token`,`updated_at`,`created_at`) values 
(1,'Nathaly Cedeno','CEGY880225','Femenino','25/02/1988','6','moctezuma 854','ncedeno@mindgroup.com.mx','$2y$10$6n.r3SHaZIbV2ZgveZNxQeazsh7lqO1Osje9icfjrljM.mwgsyI4y',NULL,'2018-05-15 18:41:09','2018-05-15 18:41:09'),
(3,'Yadira Cedeno','GEGY880225','Femenino','25/02/1988','10','moctezuma 854','ycedeno@mindgroup.com','$2y$10$6xQxZ1.DFpOOraQY5SKjyOEjSbEYNnLV3PuZaBJ32HMKc6gCWBZ6K','cQhvqQHyvVU98FUWwYV9W5b0IvwgPjhykGLg47nsjIdB2PuDz3PZQLPgwDq7','2018-05-17 17:53:33','2018-05-17 17:53:33');

/*!40101 SET SQL_MODE=@OLD_SQL_MODE */;
/*!40014 SET FOREIGN_KEY_CHECKS=@OLD_FOREIGN_KEY_CHECKS */;
/*!40014 SET UNIQUE_CHECKS=@OLD_UNIQUE_CHECKS */;
/*!40111 SET SQL_NOTES=@OLD_SQL_NOTES */;
